"miRNA","MutN3","MutN4","MutN5","MutP1","MutP2","MutP3","MutP4","WtN1","WtN2","WtN3","WtN4","WtN5","WtP1","WtP2","WtP3","WtP4","WtP5"
"mmu-let-7a-1-3p__mmu-let-7c-2-3p","50","67","29","94","50","52","229","58","0","40","95","77","58","24","75","58","57"
"mmu-let-7a-2-3p","0","7","0","2","0","0","7","7","0","0","4","1","4","3","0","0","4"
"mmu-let-7a-5p","1352","3178","2030","4219","1694","2723","2185","659","508","146","1153","4293","1638","1314","1846","1641","787"
"mmu-let-7b-3p","14","30","22","37","26","18","45","31","0","0","20","39","28","18","25","29","24"
"mmu-let-7b-5p","1145","1636","1016","1410","1176","925","1818","306","0","279","276","2064","1162","778","1143","288","514"
"mmu-let-7c-1-3p","5","7","4","4","2","0","8","7","0","13","6","9","4","6","3","7","4"
"mmu-let-7c-5p","3876","14292","6320","10458","6990","6943","8173","2491","888","988","3252","11331","6676","5567","6859","3936","3037"
"mmu-let-7d-3p","141","114","85","666","262","399","833","204","127","66","262","265","288","195","338","393","287"
"mmu-let-7d-5p","975","1700","964","2449","1179","1557","1711","428","254","139","844","2400","1319","932","1590","1497","754"
"mmu-let-7e-3p","17","29","24","21","14","12","51","10","0","0","4","29","30","24","28","49","22"
"mmu-let-7e-5p","603","656","335","1002","567","728","1400","187","0","66","177","760","720","456","794","585","388"
"mmu-let-7f-1-3p","17","20","22","15","9","17","40","31","0","0","22","14","10","3","22","17","16"
"mmu-let-7f-2-3p","0","3","1","5","0","0","2","0","0","7","0","3","0","0","3","0","0"
"mmu-let-7f-5p","2726","5526","3418","7723","3390","3836","4185","1828","888","405","2839","6754","2935","2252","3164","2716","1634"
"mmu-let-7g-3p","63","42","37","25","3","3","22","24","0","20","30","69","26","9","39","22","16"
"mmu-let-7g-5p","4133","9083","9784","8453","4649","5314","5723","2328","1015","1174","3460","10912","3941","3350","5046","4998","2626"
"mmu-let-7i-3p","374","270","171","155","50","111","265","214","0","166","224","535","77","68","108","100","75"
"mmu-let-7i-5p","4309","7440","6045","7107","4571","4172","5722","2307","635","1658","3772","8332","5004","4359","5328","5019","2472"
"mmu-let-7j","2","3","3","5","2","0","2","0","0","0","2","6","2","3","0","2","0"
"mmu-let-7k","0","0","0","0","0","0","0","0","0","0","0","0","0","0","0","0","0"
"mmu-miR-100-3p","22","34","29","45","16","14","54","14","0","27","18","32","12","3","20","10","18"
"mmu-miR-100-5p","101","208","150","152","45","78","172","99","0","53","117","218","48","38","59","63","41"
"mmu-miR-101a-3p","648","580","427","527","260","267","641","836","127","802","800","1137","627","441","646","552","545"
"mmu-miR-101a-5p","36","53","46","34","23","14","42","14","0","0","14","37","8","15","14","10","10"
"mmu-miR-101b-3p","954","1140","949","1017","525","480","1960","1233","0","1008","1048","1653","730","512","1123","731","825"
"mmu-miR-101b-5p","0","0","3","0","2","2","2","3","0","0","0","1","0","0","0","0","0"
"mmu-miR-101c","0","0","0","0","0","0","0","0","0","0","0","0","0","0","0","0","0"
"mmu-miR-103-1-5p","0","0","0","1","0","0","0","0","0","0","0","0","0","0","0","0","0"
"mmu-miR-103-2-5p","0","0","0","0","0","0","0","0","0","0","0","0","0","0","0","0","0"
"mmu-miR-103-3p","3617","9595","11638","5258","3463","4059","8948","2953","1396","1419","3144","7567","4306","3569","6103","5365","3846"
"mmu-miR-105","3","0","0","0","0","0","0","0","0","0","0","0","0","0","0","0","0"
"mmu-miR-106a-3p","2","3","0","0","0","0","0","0","0","0","0","0","0","3","2","0","0"
"mmu-miR-106a-5p","3","4","1","5","3","2","5","0","0","0","2","4","0","0","2","0","4"
"mmu-miR-106b-3p","19","28","16","14","16","27","31","14","0","7","10","27","16","12","14","19","12"
"mmu-miR-106b-5p","2191","2499","1079","465","281","312","577","914","127","882","937","2397","278","266","225","225","234"
"mmu-miR-107-3p","117","218","329","169","59","131","151","82","0","13","105","204","95","92","156","154","73"
"mmu-miR-107-5p","10","16","6","32","5","21","31","7","0","7","24","13","12","6","12","24","4"
"mmu-miR-10a-3p","0","0","0","0","0","0","0","0","0","0","0","0","0","0","0","0","0"
"mmu-miR-10a-5p","0","0","0","0","0","0","0","0","0","0","0","0","0","0","0","0","0"
"mmu-miR-10b-3p","0","0","0","0","0","0","0","0","0","0","0","0","0","0","0","0","0"
"mmu-miR-10b-5p","0","0","0","0","0","0","0","0","0","0","0","0","0","0","0","0","0"
"mmu-miR-1187","214","64","18","12","9","2","5","31","0","40","66","7","6","3","2","3","2"
"mmu-miR-1188-3p","0","0","1","1","0","0","0","0","0","0","0","0","0","0","0","0","0"
"mmu-miR-1188-5p","3","4","1","6","0","8","8","0","0","0","6","3","0","6","8","7","2"
"mmu-miR-1190","0","0","1","0","0","0","0","0","0","0","0","0","0","0","0","0","0"
"mmu-miR-1191a","26","12","1","12","5","8","17","20","0","0","10","14","0","0","6","7","4"
"mmu-miR-1191b-3p","58","25","4","4","2","2","0","7","0","13","10","0","0","0","0","2","0"
"mmu-miR-1191b-5p","2","0","0","0","0","0","1","0","0","0","0","1","0","0","0","0","0"
"mmu-miR-1192","2","0","0","1","0","0","0","0","0","0","2","1","0","0","0","0","0"
"mmu-miR-1193-3p","9","9","3","22","12","5","13","7","0","0","2","9","6","0","5","3","0"
"mmu-miR-1193-5p","0","1","3","1","2","0","2","0","0","0","0","6","2","0","0","0","0"
"mmu-miR-1194","15","7","7","1","2","5","2","3","0","13","8","6","0","12","3","0","2"
"mmu-miR-1195","50","32","31","5","5","6","1","27","0","27","38","27","4","6","0","3","0"
"mmu-miR-1197-3p","3","17","7","27","17","17","61","17","0","0","12","19","6","15","36","5","14"
"mmu-miR-1197-5p","0","0","0","0","0","0","0","0","0","0","0","0","0","0","0","0","0"
"mmu-miR-1198-3p","3","0","3","0","0","0","0","0","0","0","0","0","2","0","0","0","0"
"mmu-miR-1198-5p","10","24","31","29","36","44","45","0","0","0","14","36","24","47","27","34","22"
"mmu-miR-1199-3p","0","0","0","0","0","0","1","0","0","0","0","0","0","0","0","0","0"
"mmu-miR-1199-5p","0","0","0","0","0","0","0","0","0","0","0","1","0","0","0","0","0"
"mmu-miR-122-3p","0","0","0","0","2","0","0","0","0","0","0","0","0","0","0","0","2"
"mmu-miR-122-5p","3","25","4","14","10","12","16","3","0","0","30","17","18","15","25","29","6"
"mmu-miR-1224-3p","0","0","1","5","2","0","5","0","0","0","2","3","0","0","0","2","0"
"mmu-miR-1224-5p","9","9","3","7","2","0","23","0","0","0","8","9","0","0","5","2","4"
"mmu-miR-1231-3p","3","1","10","5","0","6","19","3","0","7","4","3","8","0","12","10","10"
"mmu-miR-1231-5p","0","1","1","0","0","5","2","0","0","0","0","0","0","0","0","0","4"
"mmu-miR-124-3p","4753","3620","1729","4778","2463","2624","4670","622","762","769","524","2351","1378","772","837","985","642"
"mmu-miR-124-5p","113","158","168","145","94","94","277","119","0","119","137","153","119","80","151","152","138"
"mmu-miR-1247-3p","0","0","0","0","0","0","0","0","0","0","0","0","0","0","0","0","0"
"mmu-miR-1247-5p","0","0","0","0","0","0","0","0","0","0","0","0","0","0","0","0","0"
"mmu-miR-1249-3p","0","8","0","31","2","44","19","0","0","0","2","0","2","6","20","8","6"
"mmu-miR-1249-5p","0","1","0","0","0","0","0","0","0","0","0","0","0","0","0","0","2"
"mmu-miR-1251-3p","0","1","0","1","0","0","1","0","0","0","2","0","0","3","0","0","0"
"mmu-miR-1251-5p","38","9","13","6","2","3","7","3","0","7","4","1","2","0","5","0","6"
"mmu-miR-1258-3p","0","0","0","0","0","0","0","0","0","0","0","0","0","0","0","0","0"
"mmu-miR-1258-5p","0","0","0","0","0","0","0","0","0","0","0","0","0","0","0","0","0"
"mmu-miR-125a-3p","24","34","96","99","52","75","108","10","0","20","24","40","46","33","62","52","37"
"mmu-miR-125a-5p","2039","2365","5543","9662","3900","8226","11150","2382","1015","875","3337","5000","5357","4274","7785","7328","4199"
"mmu-miR-125b-1-3p","36","72","90","66","52","76","94","14","0","13","14","62","40","33","44","29","33"
"mmu-miR-125b-2-3p","154","274","203","179","125","62","171","92","0","73","58","195","89","68","81","58","49"
"mmu-miR-125b-5p","24564","48756","60147","62727","28896","47148","95288","43413","17769","19140","50496","57608","35845","28649","46019","55408","28526"
"mmu-miR-1264-3p","5","18","10","27","3","21","43","0","0","20","8","1","4","9","25","20","10"
"mmu-miR-1264-5p","0","0","0","1","0","6","2","0","0","0","0","0","0","0","0","0","0"
"mmu-miR-126a-3p","43","125","96","194","99","81","498","92","0","73","127","140","137","86","203","156","171"
"mmu-miR-126a-5p","0","0","0","0","0","0","0","0","0","0","0","0","0","0","0","0","0"
"mmu-miR-126b-3p","0","0","0","0","0","0","0","0","0","0","0","0","0","0","0","0","0"
"mmu-miR-126b-5p","0","0","0","0","0","0","0","0","0","0","0","0","0","0","0","0","0"
"mmu-miR-127-3p","1126","1830","2036","3782","1856","2345","5588","367","381","829","1044","1360","1291","835","1572","1614","1266"
"mmu-miR-127-5p","327","516","579","334","236","229","643","160","0","285","177","538","317","183","329","277","415"
"mmu-miR-128-1-5p","9","17","52","37","35","18","93","0","0","20","4","14","24","27","48","27","39"
"mmu-miR-128-2-5p","9","18","37","85","45","59","152","10","0","7","8","20","30","27","118","36","79"
"mmu-miR-128-3p","2760","5028","4384","9188","3559","5386","19799","3238","1523","2925","3307","3311","3505","2507","7353","4027","6311"
"mmu-miR-129-1-3p","129","224","152","806","326","535","928","330","254","93","435","146","593","574","465","843","250"
"mmu-miR-129-2-3p","869","837","708","4429","1691","2922","2463","897","508","159","1634","859","2654","2616","1512","4462","654"
"mmu-miR-129-5p","2","0","0","4","3","5","3","0","0","0","2","3","6","12","2","3","0"
"mmu-miR-1291","7","3","3","0","0","2","0","0","0","7","0","3","0","0","0","0","0"
"mmu-miR-1298-3p","15","45","28","44","16","32","73","10","0","27","6","14","4","0","27","10","6"
"mmu-miR-1298-5p","130","214","155","269","97","137","192","3","127","13","18","108","10","0","20","15","8"
"mmu-miR-129b-3p","0","0","0","0","0","0","0","0","0","0","0","0","0","0","0","0","0"
"mmu-miR-129b-5p","2","0","1","4","0","3","2","0","0","0","6","1","0","0","0","0","2"
"mmu-miR-1306-3p","7","3","4","0","0","2","1","0","0","0","2","0","0","0","3","3","2"
"mmu-miR-1306-5p","0","0","1","10","0","5","9","0","0","7","2","3","0","3","5","3","6"
"mmu-miR-130a-3p","3127","5496","4023","2523","1360","1271","5550","5675","762","3727","5729","5506","1575","1323","1863","2162","1449"
"mmu-miR-130a-5p","12","18","12","19","3","8","12","3","0","27","36","20","4","6","8","8","4"
"mmu-miR-130b-3p","63","55","29","52","16","23","41","44","0","46","155","66","16","15","9","22","8"
"mmu-miR-130b-5p","33","28","18","22","12","9","9","24","0","7","38","32","6","9","6","17","2"
"mmu-miR-130c","0","0","0","0","0","0","0","0","0","0","0","0","0","0","0","0","0"
"mmu-miR-132-3p","358","545","363","1005","598","707","724","251","0","73","302","406","645","666","340","611","181"
"mmu-miR-132-5p","43","59","24","72","52","55","56","27","0","27","14","33","36","50","14","46","6"
"mmu-miR-133a-3p","0","0","0","0","0","0","0","0","0","0","0","0","0","0","0","0","0"
"mmu-miR-133a-5p","2","0","0","0","0","0","0","0","0","0","0","0","0","0","0","0","0"
"mmu-miR-133b-3p","0","0","0","0","0","0","0","0","0","0","0","0","0","0","0","0","0"
"mmu-miR-133b-5p","0","0","0","0","0","0","0","0","0","0","0","0","2","0","0","0","0"
"mmu-miR-133c","0","0","0","0","0","0","0","0","0","0","0","0","0","0","0","0","0"
"mmu-miR-134-3p","19","29","16","22","12","9","40","3","0","0","4","6","8","3","2","5","4"
"mmu-miR-134-5p","903","1572","1704","930","468","478","2257","156","254","915","262","1115","369","272","454","347","362"
"mmu-miR-135a-1-3p","0","8","3","7","2","9","20","3","0","0","6","6","4","6","9","2","6"
"mmu-miR-135a-2-3p","41","50","85","49","14","47","92","27","0","13","16","33","18","18","36","81","14"
"mmu-miR-135a-5p","514","218","83","245","49","197","112","27","0","20","123","337","16","38","31","76","20"
"mmu-miR-135b-3p","15","20","25","11","2","15","14","0","0","0","8","4","0","0","8","5","8"
"mmu-miR-135b-5p","774","605","214","589","291","381","310","75","127","106","155","493","157","127","76","157","85"
"mmu-miR-136-3p","332","274","96","579","250","244","627","99","0","172","189","264","198","166","284","232","222"
"mmu-miR-136-5p","721","652","137","869","366","392","576","183","0","531","195","593","274","189","309","225","303"
"mmu-miR-137-3p","2193","3332","1340","2632","1791","1580","3601","866","508","809","1010","2676","1666","1273","1820","1166","1457"
"mmu-miR-137-5p","5","22","24","14","26","2","27","7","0","0","4","19","12","21","33","20","24"
"mmu-miR-138-1-3p","9","9","19","37","21","23","37","7","0","0","2","17","10","0","3","7","14"
"mmu-miR-138-2-3p","9","11","24","36","12","26","27","3","0","0","4","3","10","3","11","7","12"
"mmu-miR-138-5p","1785","3333","2345","2973","1243","1513","1931","285","0","1068","449","1550","682","456","890","704","524"
"mmu-miR-139-3p","2","14","40","76","45","43","113","0","0","13","4","16","38","30","125","34","87"
"mmu-miR-139-5p","499","2186","1231","1785","1171","1309","3228","126","127","166","101","659","454","317","911","374","679"
"mmu-miR-140-3p","303","392","634","616","328","265","1194","302","254","172","298","572","335","278","348","435","350"
"mmu-miR-140-5p","135","183","52","122","45","55","87","71","0","93","89","126","42","24","59","47","49"
"mmu-miR-141-3p","2","8","1","0","2","0","0","0","0","0","0","4","0","0","0","0","0"
"mmu-miR-141-5p","0","0","0","0","0","0","0","0","0","0","0","0","0","0","0","0","0"
"mmu-miR-142a-3p","46","36","12","4","2","0","2","27","0","13","10","173","0","0","0","0","0"
"mmu-miR-142a-5p","7","12","3","0","0","0","1","31","0","13","8","49","0","3","2","0","0"
"mmu-miR-142b","0","0","0","0","0","0","0","0","0","0","0","0","0","0","0","0","0"
"mmu-miR-143-3p","63","18","7","11","3","6","0","37","0","13","10","464","6","9","0","0","0"
"mmu-miR-143-5p","0","0","0","0","0","0","0","0","0","0","0","1","0","0","0","0","0"
"mmu-miR-144-3p","0","1","0","0","0","0","1","0","0","0","0","0","0","0","0","0","0"
"mmu-miR-144-5p","2","0","0","0","0","0","0","0","0","0","0","0","0","0","0","0","0"
"mmu-miR-145a-3p","2","0","0","2","0","2","0","0","0","0","4","4","0","0","0","0","0"
"mmu-miR-145a-5p","7","4","0","1","2","3","1","58","0","0","20","112","6","0","0","2","0"
"mmu-miR-145b","0","0","0","0","0","0","0","0","0","0","0","0","0","0","0","0","0"
"mmu-miR-146a-3p","0","0","1","0","0","0","0","0","0","0","0","1","0","0","0","0","0"
"mmu-miR-146a-5p","2","4","7","4","0","0","2","10","0","0","6","19","0","0","3","0","2"
"mmu-miR-146b-3p","2","0","3","1","0","2","0","0","0","7","0","0","0","0","0","2","0"
"mmu-miR-146b-5p","26","38","37","75","33","46","84","14","0","7","12","34","36","18","22","36","20"
"mmu-miR-147-3p","10","5","7","1","2","0","3","3","0","13","6","9","0","6","2","5","0"
"mmu-miR-147-5p","2","4","0","2","0","0","0","0","0","0","0","0","0","0","2","0","0"
"mmu-miR-148a-3p","1181","1860","600","1220","548","616","1506","207","0","172","341","540","258","133","240","223","285"
"mmu-miR-148a-5p","0","3","0","0","0","0","0","0","0","0","0","0","0","0","0","0","0"
"mmu-miR-148b-3p","1683","1402","842","1777","834","975","1794","438","127","179","677","1048","522","311","525","486","437"
"mmu-miR-148b-5p","33","43","41","57","26","24","91","3","0","13","10","42","6","0","8","8","12"
"mmu-miR-149-3p","0","0","0","1","2","0","1","0","0","0","0","0","0","0","0","0","0"
"mmu-miR-149-5p","514","870","641","1415","749","1365","1651","170","254","99","177","624","557","370","602","601","348"
"mmu-miR-150-3p","0","0","0","0","0","2","0","0","0","0","0","0","0","0","0","0","0"
"mmu-miR-150-5p","3","0","1","0","0","0","0","0","0","0","0","0","0","0","2","0","0"
"mmu-miR-151-3p","10","1","15","20","7","29","65","0","0","0","8","14","10","6","14","12","12"
"mmu-miR-151-5p","322","674","581","956","371","564","2117","500","0","119","494","506","361","255","630","629","553"
"mmu-miR-152-3p","72","57","50","21","3","12","16","58","0","27","69","181","6","3","2","5","6"
"mmu-miR-152-5p","0","0","0","0","0","0","0","0","0","0","0","0","0","0","0","0","0"
"mmu-miR-153-3p","2738","2491","1278","2277","1042","1048","3441","1410","254","895","1316","3217","1626","1293","2000","1237","1618"
"mmu-miR-153-5p","48","45","32","91","43","56","100","10","0","53","38","40","28","27","83","29","35"
"mmu-miR-154-3p","120","160","62","305","125","134","455","41","0","40","81","76","87","47","101","127","130"
"mmu-miR-154-5p","538","1114","1083","1535","708","911","2148","350","254","418","351","831","674","423","1013","838","663"
"mmu-miR-155-3p","0","1","0","0","0","0","0","0","0","0","0","0","0","0","0","0","0"
"mmu-miR-155-5p","10","7","4","14","10","3","7","14","0","0","12","14","4","3","3","5","4"
"mmu-miR-15a-3p","12","14","4","4","5","0","2","0","0","7","4","13","0","0","0","0","0"
"mmu-miR-15a-5p","1131","1348","584","302","173","148","305","1781","1015","577","1562","3572","379","346","270","217","165"
"mmu-miR-15b-3p","19","14","10","14","7","8","14","27","0","0","34","52","6","12","3","7","0"
"mmu-miR-15b-5p","817","584","762","280","147","149","303","1210","762","99","1082","2344","186","151","181","169","152"
"mmu-miR-16-1-3p","12","11","1","0","0","2","2","14","0","7","12","22","0","3","3","0","4"
"mmu-miR-16-2-3p","55","37","21","20","9","11","23","44","0","20","44","76","0","9","8","3","12"
"mmu-miR-16-5p","4188","7638","5140","2222","1389","1226","2599","4835","1523","1220","5406","9300","1858","1749","1197","1591","911"
"mmu-miR-1668","2","1","1","0","2","0","0","0","0","0","0","0","0","0","0","0","0"
"mmu-miR-17-3p","117","234","224","139","83","101","251","48","0","33","38","241","111","80","131","73","114"
"mmu-miR-17-5p","1462","3390","1160","1563","780","992","3601","1036","888","802","1136","939","754","559","868","682","974"
"mmu-miR-181a-1-3p","27","61","25","100","50","44","184","7","0","7","36","39","20","12","30","19","24"
"mmu-miR-181a-2-3p","2","4","3","1","0","3","1","0","0","0","6","4","2","0","0","2","0"
"mmu-miR-181a-5p","1073","1639","1520","1877","1373","1066","3171","1359","1269","637","1181","2524","1825","1376","1567","1093","1411"
"mmu-miR-181b-1-3p","3","3","1","0","2","0","3","0","0","0","4","0","0","3","5","2","4"
"mmu-miR-181b-2-3p","2","0","0","0","0","0","0","0","0","0","0","0","0","0","0","0","0"
"mmu-miR-181b-5p","521","926","448","1032","635","651","1579","255","127","139","332","555","490","420","504","330","411"
"mmu-miR-181c-3p","10","17","9","12","5","5","12","17","0","0","2","19","6","0","2","7","2"
"mmu-miR-181c-5p","161","239","111","199","75","99","275","139","127","66","145","315","97","86","103","86","104"
"mmu-miR-181d-3p","0","1","1","12","5","6","10","0","0","0","2","6","0","3","2","2","0"
"mmu-miR-181d-5p","127","200","97","199","118","123","288","31","0","60","44","89","56","47","69","58","55"
"mmu-miR-182-3p","2","0","0","0","0","0","0","0","0","0","0","0","0","0","0","0","0"
"mmu-miR-182-5p","120","284","327","460","85","317","596","48","0","133","64","65","127","115","221","213","142"
"mmu-miR-183-3p","5","8","7","12","3","12","21","0","0","0","4","0","2","0","5","3","14"
"mmu-miR-183-5p","26","22","57","137","38","78","125","7","0","0","14","17","28","27","42","27","45"
"mmu-miR-1839-3p","14","28","15","79","26","26","48","3","0","0","12","23","16","6","34","34","20"
"mmu-miR-1839-5p","125","285","394","285","142","165","340","65","127","66","137","216","186","136","186","181","140"
"mmu-miR-184-3p","0","0","0","0","0","0","0","0","0","0","0","0","0","0","0","0","0"
"mmu-miR-184-5p","0","0","0","0","0","0","0","0","0","0","0","0","0","0","0","0","0"
"mmu-miR-1843a-3p","3","1","4","2","2","2","5","0","0","0","4","4","0","0","0","0","2"
"mmu-miR-1843a-5p","0","0","0","1","2","0","1","0","0","7","0","1","0","0","0","3","0"
"mmu-miR-1843b-3p","2","4","4","7","2","5","9","3","0","0","0","13","4","3","2","8","8"
"mmu-miR-1843b-5p","0","0","0","0","0","0","0","0","0","0","0","0","0","0","0","0","0"
"mmu-miR-185-3p","2","0","6","2","5","5","3","0","0","0","0","3","2","0","2","2","0"
"mmu-miR-185-5p","334","681","672","452","253","253","495","116","0","219","139","526","236","163","270","234","244"
"mmu-miR-186-3p","24","41","29","26","7","14","63","7","0","66","56","40","6","18","14","27","10"
"mmu-miR-186-5p","245","320","170","337","166","230","697","119","127","186","208","257","139","121","220","213","278"
"mmu-miR-187-3p","262","414","302","845","395","491","881","347","0","312","377","404","349","320","455","437","242"
"mmu-miR-187-5p","0","0","3","5","2","5","6","0","0","7","4","3","6","0","2","0","2"
"mmu-miR-188-3p","27","34","18","27","7","9","38","24","0","20","6","13","6","9","16","10","12"
"mmu-miR-188-5p","65","86","56","81","49","35","114","27","0","33","16","50","24","15","9","25","12"
"mmu-miR-1892","0","0","0","0","0","0","0","0","0","0","0","0","0","0","0","0","0"
"mmu-miR-1893","2","0","0","0","0","0","0","0","0","0","0","0","0","0","0","0","0"
"mmu-miR-1894-3p","0","0","0","0","0","0","0","0","0","0","0","0","0","0","0","0","0"
"mmu-miR-1894-5p","0","0","0","0","0","0","0","0","0","0","0","0","0","0","0","0","0"
"mmu-miR-1895","5","0","0","0","0","0","0","0","0","0","0","0","0","0","0","0","0"
"mmu-miR-1896","0","0","0","0","0","0","0","0","0","0","0","0","0","0","0","0","0"
"mmu-miR-1897-3p","0","0","0","0","0","0","0","0","0","0","0","0","0","0","0","0","0"
"mmu-miR-1897-5p","2","0","0","0","0","0","0","0","0","0","0","0","0","0","0","0","0"
"mmu-miR-1898","2","0","0","0","0","0","0","0","0","0","0","1","0","0","0","0","0"
"mmu-miR-1899","0","0","0","0","0","0","0","0","0","0","0","0","0","0","0","0","0"
"mmu-miR-18a-3p","0","3","1","0","0","2","6","0","0","0","2","3","0","0","0","0","0"
"mmu-miR-18a-5p","990","1505","632","275","232","183","404","309","254","305","437","1224","147","121","193","130","130"
"mmu-miR-18b-3p","0","1","0","0","0","0","0","0","0","0","0","0","0","0","0","0","0"
"mmu-miR-18b-5p","0","0","1","0","0","0","0","0","0","0","2","0","0","0","0","0","0"
"mmu-miR-1900","0","0","0","1","0","0","0","0","0","0","0","0","0","0","0","0","0"
"mmu-miR-1901","0","0","0","0","0","0","0","0","0","0","0","0","0","0","0","0","0"
"mmu-miR-1902","0","0","0","0","0","0","0","3","0","0","2","0","0","0","0","0","0"
"mmu-miR-1903","3","0","1","1","0","0","0","0","0","0","4","1","0","0","0","0","0"
"mmu-miR-1904","0","0","0","0","0","0","0","0","0","0","0","0","0","0","0","0","0"
"mmu-miR-1905","0","0","0","0","0","0","0","0","0","0","0","0","0","0","0","0","0"
"mmu-miR-1906","0","0","0","0","0","0","0","0","0","0","0","0","0","0","0","0","0"
"mmu-miR-1907","2","0","0","1","0","0","0","3","0","0","0","0","0","0","0","0","0"
"mmu-miR-190a-3p","5","3","0","1","3","3","2","7","0","0","6","1","0","0","2","0","2"
"mmu-miR-190a-5p","146","145","119","147","80","70","94","82","0","53","133","473","93","50","129","90","55"
"mmu-miR-190b-3p","0","0","0","0","0","0","0","0","0","0","0","0","0","0","0","0","0"
"mmu-miR-190b-5p","0","0","1","0","0","0","1","0","0","0","0","6","0","0","2","0","2"
"mmu-miR-191-3p","21","43","34","45","16","17","95","7","0","27","16","39","12","15","20","22","26"
"mmu-miR-191-5p","1540","3589","4980","7433","3052","4202","13655","3014","3173","1479","3847","3414","4885","3031","7760","7025","4030"
"mmu-miR-1912-3p","2","0","0","0","0","0","0","0","0","0","0","0","0","0","0","0","0"
"mmu-miR-1912-5p","3","0","0","0","0","0","0","0","0","0","0","0","0","0","0","0","2"
"mmu-miR-192-3p","0","3","0","1","0","2","0","0","0","0","0","1","0","0","0","0","0"
"mmu-miR-192-5p","21","33","21","40","7","6","43","24","0","13","16","27","10","9","28","30","14"
"mmu-miR-1927","2","0","0","1","2","0","3","0","0","0","0","0","0","0","2","0","0"
"mmu-miR-1928","0","1","0","0","0","0","0","0","0","0","0","0","0","0","0","0","0"
"mmu-miR-1929-3p","3","0","0","0","0","0","0","0","0","0","0","0","0","0","0","0","0"
"mmu-miR-1929-5p","0","0","0","0","0","0","0","0","0","0","0","0","0","0","0","0","0"
"mmu-miR-1930-3p","0","5","1","0","2","2","0","0","0","0","0","0","0","3","0","0","0"
"mmu-miR-1930-5p","0","0","0","1","0","0","0","0","0","0","2","0","0","0","0","0","0"
"mmu-miR-1931","2","0","0","1","0","0","0","0","0","0","0","0","0","0","0","0","0"
"mmu-miR-1932","0","0","0","0","0","0","0","0","0","0","0","0","0","0","0","0","0"
"mmu-miR-1933-3p","2","1","0","0","0","0","0","0","0","0","2","0","0","0","2","0","0"
"mmu-miR-1933-5p","2","0","0","0","0","0","0","0","0","0","0","0","0","0","0","0","0"
"mmu-miR-1934-3p","2","0","0","0","0","0","0","0","0","0","2","0","0","0","0","0","0"
"mmu-miR-1934-5p","0","0","0","0","0","0","0","0","0","0","0","0","0","3","0","0","0"
"mmu-miR-1936","2","0","0","0","0","0","0","3","0","7","0","0","0","0","0","0","0"
"mmu-miR-1938","2","0","0","0","0","0","0","0","0","0","0","0","0","0","0","0","0"
"mmu-miR-193a-3p","9","1","0","1","0","0","1","0","0","0","4","7","0","0","0","0","2"
"mmu-miR-193a-5p","0","3","3","0","0","3","0","0","0","0","0","0","0","0","3","0","0"
"mmu-miR-193b-3p","3","1","3","4","2","11","6","3","0","0","6","3","2","0","2","2","2"
"mmu-miR-193b-5p","0","3","3","1","2","0","1","0","0","0","4","0","0","0","2","0","0"
"mmu-miR-194-1-3p","0","0","0","1","2","0","0","0","0","0","0","0","0","0","0","0","0"
"mmu-miR-194-2-3p","0","0","4","0","2","0","3","0","0","0","0","1","4","3","2","2","8"
"mmu-miR-194-5p","286","560","376","461","227","203","627","197","0","119","244","290","198","104","276","252","232"
"mmu-miR-1941-3p","0","0","0","0","0","0","1","0","0","0","0","0","0","0","0","0","0"
"mmu-miR-1941-5p","0","1","0","0","0","0","0","0","0","0","0","0","0","0","0","0","0"
"mmu-miR-1942","0","0","0","0","0","0","0","0","0","0","0","0","0","0","0","0","0"
"mmu-miR-1943-3p","2","1","1","1","0","0","0","0","0","0","0","0","0","0","0","0","0"
"mmu-miR-1943-5p","0","0","0","1","0","0","0","0","0","0","0","0","0","0","0","0","0"
"mmu-miR-1945","0","1","0","0","0","0","0","0","0","0","0","0","0","0","0","2","0"
"mmu-miR-1946a","146","70","28","9","3","6","2","48","0","73","67","7","0","12","3","5","4"
"mmu-miR-1946b","99","38","24","6","3","2","0","37","0","53","58","4","2","6","0","2","0"
"mmu-miR-1947-3p","0","0","0","0","0","0","0","0","0","0","0","0","0","0","0","0","0"
"mmu-miR-1947-5p","0","0","0","0","0","0","0","0","0","0","0","0","0","0","0","0","0"
"mmu-miR-1948-3p","0","0","0","0","0","0","0","0","0","0","0","0","0","0","0","0","0"
"mmu-miR-1948-5p","0","0","0","1","0","0","0","0","0","0","2","0","0","0","0","0","0"
"mmu-miR-1949","7","3","7","0","0","0","0","3","0","0","14","4","0","0","0","2","0"
"mmu-miR-1950","0","0","0","0","0","0","0","0","0","0","0","0","0","0","0","0","0"
"mmu-miR-1951","0","1","0","0","0","0","0","0","0","0","2","0","0","0","0","0","0"
"mmu-miR-1952","0","0","0","0","0","0","0","0","0","0","0","0","0","0","0","0","0"
"mmu-miR-1953","2","3","1","0","0","3","1","0","0","0","2","6","2","0","0","0","0"
"mmu-miR-1954","0","3","0","0","0","0","1","3","0","7","2","0","0","0","0","0","0"
"mmu-miR-1955-3p","0","0","0","1","0","0","0","0","0","0","0","0","0","0","0","0","0"
"mmu-miR-1955-5p","2","0","0","0","0","0","0","3","0","0","0","1","0","0","0","0","0"
"mmu-miR-1956","0","0","0","0","0","0","0","0","0","0","0","0","0","0","0","0","0"
"mmu-miR-1957a","2","1","0","0","0","0","0","0","0","0","0","0","0","0","0","0","0"
"mmu-miR-1957b","5","5","4","1","2","0","1","10","0","0","0","0","0","3","3","2","0"
"mmu-miR-1958","0","1","0","0","0","0","0","0","0","0","0","0","0","0","0","0","0"
"mmu-miR-195a-3p","2","4","0","0","5","0","1","3","0","0","2","6","4","0","0","0","4"
"mmu-miR-195a-5p","166","293","261","36","57","18","56","289","127","27","163","718","109","98","27","24","30"
"mmu-miR-195b","3","0","0","0","0","0","0","0","0","0","0","0","0","0","0","0","0"
"mmu-miR-1960","0","0","0","0","0","0","1","3","0","0","0","0","0","0","0","0","0"
"mmu-miR-1961","0","0","0","0","0","0","0","0","0","0","0","0","0","0","0","0","0"
"mmu-miR-1962","2","3","1","1","0","0","0","0","0","0","0","0","0","0","0","0","0"
"mmu-miR-1963","0","0","0","0","0","0","0","0","0","0","0","0","0","0","0","0","0"
"mmu-miR-1964-3p","2","0","1","1","0","0","0","0","0","0","0","1","2","0","0","0","0"
"mmu-miR-1964-5p","0","1","0","0","0","2","0","0","0","0","0","0","0","0","0","0","0"
"mmu-miR-1966-3p","3","1","0","0","0","0","0","0","0","0","0","0","0","0","0","0","0"
"mmu-miR-1966-5p","3","0","0","0","0","0","0","0","0","0","0","0","0","0","3","0","0"
"mmu-miR-1967","2","0","0","0","0","0","0","0","0","0","0","1","0","0","0","0","0"
"mmu-miR-1968-3p","2","0","0","0","0","0","0","0","0","0","0","0","0","0","0","0","0"
"mmu-miR-1968-5p","3","18","7","1","5","2","17","7","0","0","0","3","0","3","3","2","6"
"mmu-miR-1969","0","3","1","5","0","2","8","0","0","0","6","1","0","12","12","2","2"
"mmu-miR-196a-1-3p","0","0","0","0","0","0","0","0","0","0","0","0","0","0","0","0","0"
"mmu-miR-196a-2-3p","0","0","0","0","0","0","0","0","0","0","0","0","0","0","0","0","0"
"mmu-miR-196a-5p","0","0","0","0","0","0","0","0","0","0","0","0","0","3","0","0","0"
"mmu-miR-196b-3p","0","0","0","0","0","0","0","0","0","0","0","0","0","0","0","0","0"
"mmu-miR-196b-5p","0","0","0","1","0","0","0","0","0","0","0","0","0","0","0","0","0"
"mmu-miR-1970","0","0","0","0","0","0","0","0","0","0","4","0","0","0","0","0","0"
"mmu-miR-1971","0","0","0","0","0","0","1","0","0","0","0","0","0","0","0","0","0"
"mmu-miR-1981-3p","7","28","32","62","24","46","148","7","0","0","20","10","38","21","42","54","22"
"mmu-miR-1981-5p","173","545","1072","1159","815","1240","3049","129","127","159","183","265","811","805","1975","1250","1167"
"mmu-miR-1982-3p","2","4","3","7","7","17","15","0","0","7","4","3","6","0","12","7","0"
"mmu-miR-1982-5p","0","3","0","0","0","0","0","0","0","0","0","0","0","0","0","0","0"
"mmu-miR-1983","9979","22222","18145","34413","17165","22629","106906","9698","4315","9245","12240","10553","15284","10438","36055","30518","21291"
"mmu-miR-199a-3p__mmu-miR-199b-3p","72","26","12","22","10","6","7","48","0","13","66","241","8","9","5","7","10"
"mmu-miR-199a-5p","9","3","1","2","3","0","0","7","0","0","8","49","0","0","0","2","0"
"mmu-miR-199b-5p","2","1","0","1","0","0","0","7","0","0","0","3","0","0","0","2","0"
"mmu-miR-19a-3p","372","300","59","59","50","34","79","187","127","159","403","516","28","38","28","37","28"
"mmu-miR-19a-5p","7","7","3","2","2","0","3","7","0","13","6","3","0","3","0","0","0"
"mmu-miR-19b-1-5p","12","11","3","0","5","0","1","0","0","0","2","9","2","0","0","0","0"
"mmu-miR-19b-2-5p","0","0","0","0","0","0","0","0","0","0","0","0","0","0","0","0","0"
"mmu-miR-19b-3p","1688","2126","712","856","465","439","1325","1155","127","1777","1876","2557","391","302","409","428","370"
"mmu-miR-1a-1-5p","3","0","0","0","0","0","0","0","0","0","0","0","0","0","0","0","0"
"mmu-miR-1a-2-5p","0","0","0","0","0","0","0","0","0","0","0","0","0","0","0","0","0"
"mmu-miR-1a-3p","0","0","0","0","0","0","0","0","0","0","0","0","0","0","0","0","0"
"mmu-miR-1b-3p","3","7","4","1","3","6","3","0","0","0","6","7","10","3","0","3","2"
"mmu-miR-1b-5p","0","0","0","0","0","0","0","0","0","0","0","0","0","0","0","0","0"
"mmu-miR-200a-3p","5","1","1","1","3","0","2","0","0","0","0","1","0","0","0","0","0"
"mmu-miR-200a-5p","0","0","0","0","0","0","0","0","0","0","0","0","0","0","0","0","0"
"mmu-miR-200b-3p","2","5","3","9","2","3","6","0","0","0","0","4","2","0","0","0","2"
"mmu-miR-200b-5p","0","0","0","0","0","0","0","0","0","0","0","0","0","0","0","0","0"
"mmu-miR-200c-3p","3","4","6","2","3","5","6","7","0","0","4","7","4","3","3","5","4"
"mmu-miR-200c-5p","3","0","0","0","0","0","0","0","0","0","0","0","0","0","0","0","0"
"mmu-miR-201-3p","3","0","0","1","0","0","1","0","0","7","0","0","0","0","0","0","0"
"mmu-miR-201-5p","0","0","0","1","0","0","0","0","0","0","2","0","0","0","0","0","0"
"mmu-miR-202-3p","0","0","0","0","0","0","0","3","0","0","0","0","0","0","0","0","0"
"mmu-miR-202-5p","0","1","0","0","0","0","0","0","0","0","0","4","0","0","0","0","0"
"mmu-miR-203-3p","98","162","122","125","59","66","251","37","0","13","99","97","32","30","73","56","65"
"mmu-miR-203-5p","0","1","0","0","0","0","3","0","0","0","0","3","0","0","0","0","0"
"mmu-miR-204-3p","3","0","1","2","7","2","0","0","0","0","0","4","2","0","2","0","0"
"mmu-miR-204-5p","141","150","114","326","139","267","329","34","0","33","127","108","71","68","137","178","81"
"mmu-miR-205-3p","0","0","0","1","0","0","0","0","0","0","0","0","0","0","0","0","0"
"mmu-miR-205-5p","0","0","0","0","0","2","0","0","0","0","0","0","0","0","0","0","0"
"mmu-miR-206-3p","0","3","0","5","0","2","1","0","0","0","2","0","4","0","0","2","0"
"mmu-miR-206-5p","0","0","0","0","0","0","0","0","0","0","0","0","0","0","0","0","0"
"mmu-miR-207","0","1","0","1","0","2","0","3","0","7","2","0","0","0","2","3","2"
"mmu-miR-208a-3p","0","0","0","0","0","0","2","0","0","0","0","0","0","0","0","0","0"
"mmu-miR-208a-5p","0","0","0","0","0","0","0","0","0","0","0","0","0","0","0","0","0"
"mmu-miR-208b-3p","0","0","0","1","0","0","1","0","0","0","0","0","0","0","0","2","0"
"mmu-miR-208b-5p","0","0","0","0","0","0","0","0","0","0","0","0","0","0","0","0","0"
"mmu-miR-20a-3p","5","14","4","5","3","0","8","0","0","0","2","20","2","6","3","3","4"
"mmu-miR-20a-5p","2209","3237","1238","911","747","710","1442","765","127","378","919","2468","565","476","486","354","419"
"mmu-miR-20b-3p","0","3","0","0","0","0","6","0","0","7","0","0","0","0","2","0","0"
"mmu-miR-20b-5p","3","8","6","1","0","0","13","0","0","7","2","6","0","0","0","0","4"
"mmu-miR-210-3p","19","22","31","14","5","2","24","61","0","73","50","85","2","6","9","15","14"
"mmu-miR-210-5p","0","0","0","0","0","0","0","0","0","0","0","0","0","0","0","0","0"
"mmu-miR-211-3p","0","0","0","0","0","0","0","0","0","0","0","0","0","0","0","0","0"
"mmu-miR-211-5p","0","0","1","6","0","2","5","0","0","0","0","0","4","0","0","0","0"
"mmu-miR-212-3p","22","25","19","57","45","24","40","10","0","7","20","30","38","53","20","68","24"
"mmu-miR-212-5p","7","16","4","16","7","17","13","7","0","7","0","3","10","9","5","10","4"
"mmu-miR-2136","0","0","1","0","0","0","0","0","0","0","0","1","0","0","2","0","0"
"mmu-miR-2137","43","8","22","4","3","6","1","17","0","27","38","108","2","0","0","3","0"
"mmu-miR-2139","0","0","0","0","0","0","0","0","0","0","0","0","0","0","0","0","0"
"mmu-miR-214-3p","19","5","4","1","0","0","2","7","0","13","8","0","0","3","0","0","2"
"mmu-miR-214-5p","0","0","0","1","2","2","0","3","0","0","0","4","0","0","2","0","0"
"mmu-miR-215-3p","3","1","0","0","0","0","0","3","0","0","0","0","0","0","0","0","0"
"mmu-miR-215-5p","2","0","0","0","0","0","0","0","0","0","0","0","0","0","0","0","0"
"mmu-miR-216a-3p","5","0","0","0","0","0","0","0","0","0","0","0","0","0","0","0","0"
"mmu-miR-216a-5p","2","0","0","1","0","0","0","0","0","0","0","0","0","0","0","0","0"
"mmu-miR-216b-3p","0","0","0","0","0","0","0","0","0","0","0","0","0","0","0","0","0"
"mmu-miR-216b-5p","0","1","0","0","0","0","0","0","0","0","0","0","0","0","0","0","0"
"mmu-miR-216c-3p","0","0","0","0","0","0","0","0","0","0","0","0","0","0","0","0","0"
"mmu-miR-216c-5p","0","0","0","0","0","0","0","0","0","0","0","0","0","0","0","0","0"
"mmu-miR-217-3p","0","0","0","0","0","0","0","0","0","0","0","0","0","0","0","0","0"
"mmu-miR-217-5p","2","0","0","0","0","0","0","0","0","0","0","0","0","0","0","0","0"
"mmu-miR-218-1-3p","3","3","0","21","3","6","2","0","0","0","0","4","4","3","0","2","2"
"mmu-miR-218-2-3p","31","88","171","61","23","30","203","3","0","27","16","96","28","18","87","29","35"
"mmu-miR-218-5p","2642","3406","2454","7011","2516","3199","7642","1509","508","2043","2593","2832","2144","1566","3695","3137","2685"
"mmu-miR-2183","2","3","0","0","0","0","0","0","0","0","0","3","0","0","0","0","0"
"mmu-miR-219a-1-3p","0","0","0","0","0","0","0","0","0","7","0","0","0","0","0","0","0"
"mmu-miR-219a-2-3p","2","5","0","0","0","0","1","7","0","0","10","34","0","0","0","0","0"
"mmu-miR-219a-5p","0","0","0","0","0","0","0","0","0","0","0","0","0","0","0","0","0"
"mmu-miR-219b-3p","0","0","0","0","0","0","0","0","0","0","0","0","0","0","0","0","0"
"mmu-miR-219b-5p","0","0","1","1","0","0","1","0","0","0","2","0","0","0","0","0","0"
"mmu-miR-219c-3p","3","0","0","0","0","2","2","3","0","0","4","4","0","0","0","0","0"
"mmu-miR-219c-5p","0","0","0","0","0","0","0","0","0","0","0","0","0","0","0","0","0"
"mmu-miR-21a-3p","2","0","0","0","0","0","0","3","0","7","0","4","0","0","0","2","0"
"mmu-miR-21a-5p","89","61","7","97","33","64","80","129","0","40","79","216","26","21","17","22","12"
"mmu-miR-21b","0","0","0","0","0","0","0","0","0","0","0","0","0","0","0","0","0"
"mmu-miR-21c","0","0","0","0","0","0","0","0","0","0","0","0","0","0","0","0","0"
"mmu-miR-22-3p","658","909","1247","1245","711","395","1746","574","127","411","570","1799","639","583","686","697","596"
"mmu-miR-22-5p","12","25","24","21","9","15","28","17","0","7","4","46","6","3","8","14","2"
"mmu-miR-221-3p","105","367","420","289","146","157","488","99","0","46","38","394","63","53","354","95","250"
"mmu-miR-221-5p","7","18","32","7","9","6","44","3","0","0","4","14","0","0","16","5","8"
"mmu-miR-222-3p","142","362","604","352","269","207","1000","119","0","53","46","502","186","112","906","169","685"
"mmu-miR-222-5p","10","11","18","10","5","6","33","0","0","20","8","34","2","3","11","0","6"
"mmu-miR-223-3p","0","0","1","1","0","0","0","3","0","0","0","4","2","0","0","0","0"
"mmu-miR-223-5p","0","0","0","0","0","0","0","0","0","0","0","0","0","0","0","0","0"
"mmu-miR-224-3p","2","0","0","0","0","0","0","0","0","0","2","0","0","0","0","0","0"
"mmu-miR-224-5p","2","0","1","0","0","2","0","0","0","0","0","4","0","0","0","0","0"
"mmu-miR-23a-3p","137","184","159","101","49","53","130","238","0","86","218","553","54","77","62","46","77"
"mmu-miR-23a-5p","0","0","0","0","0","0","0","0","0","7","0","0","0","0","0","0","0"
"mmu-miR-23b-3p","197","335","295","807","281","413","976","217","254","66","246","377","327","269","535","452","362"
"mmu-miR-23b-5p","2","0","1","1","2","2","1","0","0","0","0","3","0","0","2","0","0"
"mmu-miR-24-1-5p","19","30","1","25","5","6","28","3","0","13","10","9","22","6","9","5","10"
"mmu-miR-24-2-5p","10","29","6","9","5","0","2","7","0","20","8","26","0","0","5","2","0"
"mmu-miR-24-3p","70","95","187","136","45","56","172","85","0","80","69","179","65","38","64","83","89"
"mmu-miR-25-3p","173","205","180","126","66","66","184","153","0","66","296","463","65","47","47","51","47"
"mmu-miR-25-5p","0","4","3","1","3","2","3","0","0","0","0","10","0","0","0","0","2"
"mmu-miR-26a-1-3p","5","1","1","4","0","2","14","0","0","0","0","0","0","0","3","5","2"
"mmu-miR-26a-2-3p","3","0","1","2","0","0","2","3","0","7","2","1","0","3","2","0","0"
"mmu-miR-26a-5p","1960","2673","1815","2489","1287","1487","2647","710","254","325","977","2389","1085","817","770","876","608"
"mmu-miR-26b-3p","3","1","7","4","0","2","0","3","0","0","8","17","0","0","3","5","2"
"mmu-miR-26b-5p","487","539","426","421","212","229","364","401","254","126","492","972","244","157","200","166","195"
"mmu-miR-27a-3p","999","642","488","297","224","155","973","737","127","385","399","3262","161","133","145","66","234"
"mmu-miR-27a-5p","0","0","0","0","0","0","0","0","0","0","0","0","0","0","0","0","0"
"mmu-miR-27b-3p","1333","2010","1567","2473","1226","1461","5942","1325","127","1121","1169","3026","1115","1104","2021","1399","1224"
"mmu-miR-27b-5p","0","5","6","2","9","3","8","0","0","0","0","4","0","3","5","0","2"
"mmu-miR-2861","0","0","0","0","0","0","0","0","0","0","0","0","0","0","0","0","0"
"mmu-miR-28a-3p","53","138","155","102","52","94","289","102","0","66","127","161","50","62","115","105","116"
"mmu-miR-28a-5p","0","1","4","7","2","0","6","0","0","0","2","7","2","6","3","7","0"
"mmu-miR-28b","0","0","0","1","0","0","0","0","0","0","0","0","0","0","0","0","0"
"mmu-miR-28c","0","0","0","0","0","0","0","0","0","0","0","0","0","0","0","0","0"
"mmu-miR-290a-3p","0","0","0","0","0","0","0","0","0","0","0","0","0","0","0","0","0"
"mmu-miR-290a-5p","0","0","0","0","0","0","0","0","0","0","0","0","0","0","0","0","0"
"mmu-miR-290b-3p","0","0","0","0","0","0","0","0","0","0","0","0","0","0","0","0","0"
"mmu-miR-290b-5p","0","0","0","0","0","0","0","0","0","0","0","0","0","0","0","0","0"
"mmu-miR-291a-3p","0","1","0","0","0","0","0","0","0","0","0","0","0","0","0","0","0"
"mmu-miR-291a-5p","0","0","0","0","0","0","0","0","0","0","0","0","0","0","0","0","0"
"mmu-miR-291b-3p","2","0","0","0","0","0","0","0","0","0","0","0","0","0","0","0","0"
"mmu-miR-291b-5p","0","0","0","0","0","0","0","0","0","0","0","0","0","0","0","0","0"
"mmu-miR-292a-3p","0","0","0","0","0","0","0","0","0","0","0","0","0","0","0","0","0"
"mmu-miR-292a-5p","0","0","0","0","0","0","0","0","0","0","0","0","0","0","0","0","0"
"mmu-miR-292b-3p","0","0","0","0","0","0","0","0","0","0","0","0","0","0","0","0","0"
"mmu-miR-292b-5p","0","0","0","0","0","0","0","0","0","0","0","0","0","0","0","0","0"
"mmu-miR-293-3p","0","0","0","0","0","0","0","0","0","0","0","0","0","0","0","0","0"
"mmu-miR-293-5p","0","1","0","0","0","0","0","0","0","0","0","0","0","0","0","0","0"
"mmu-miR-294-3p","2","1","0","0","0","0","1","0","0","0","0","0","0","0","0","0","0"
"mmu-miR-294-5p","0","1","0","0","0","0","0","0","0","0","0","0","0","0","0","0","0"
"mmu-miR-295-3p","3","0","0","0","0","0","0","0","0","0","0","0","0","0","0","0","0"
"mmu-miR-295-5p","0","0","0","0","0","2","0","0","0","7","0","0","0","0","0","0","0"
"mmu-miR-296-3p","36","64","71","69","35","59","68","27","0","46","77","120","151","115","148","96","126"
"mmu-miR-296-5p","60","17","32","145","62","96","97","14","127","0","16","30","42","30","25","22","18"
"mmu-miR-297a-5p","108","53","31","34","10","17","19","41","0","27","54","138","14","12","12","15","10"
"mmu-miR-297b-3p__mmu-miR-297c-3p__mmu-miR-297a-3p","39","7","3","11","2","2","3","7","0","7","4","16","0","3","2","3","4"
"mmu-miR-297b-5p","14","11","6","2","3","5","1","3","254","0","6","10","2","3","2","8","2"
"mmu-miR-297c-5p","15","13","12","1","2","0","0","14","0","0","14","39","4","3","2","3","0"
"mmu-miR-298-3p","0","0","1","0","2","2","1","3","0","0","2","0","0","0","0","2","0"
"mmu-miR-298-5p","132","138","293","287","173","149","658","156","0","66","145","302","387","228","544","365","419"
"mmu-miR-299a-3p","15","13","24","12","3","6","21","3","0","7","6","36","8","3","9","3","12"
"mmu-miR-299a-5p","2","0","0","0","0","0","0","0","0","0","0","1","2","0","2","0","0"
"mmu-miR-299b-3p","0","0","0","0","0","0","0","0","0","0","0","0","0","0","0","0","0"
"mmu-miR-299b-5p","0","0","0","0","0","0","0","0","0","0","0","0","0","0","0","0","0"
"mmu-miR-29a-3p","182","146","162","679","160","221","591","54","0","86","143","189","113","110","164","164","118"
"mmu-miR-29a-5p","24","33","13","56","14","30","33","10","0","33","12","36","12","9","23","32","24"
"mmu-miR-29b-1-5p","2","4","4","7","2","5","8","0","0","0","0","3","0","0","3","2","0"
"mmu-miR-29b-2-5p","19","57","21","9","12","17","61","3","0","7","14","6","8","6","22","7","35"
"mmu-miR-29b-3p","3052","1932","1884","6967","3080","2139","6817","622","381","610","733","3463","1132","852","1475","885","1181"
"mmu-miR-29c-3p","910","1185","1196","1862","902","742","2958","472","381","716","478","1244","611","462","974","492","852"
"mmu-miR-29c-5p","5","14","3","17","9","8","17","10","0","0","4","14","4","6","9","5","8"
"mmu-miR-300-3p","2303","2469","1585","2502","1443","1655","7008","299","635","312","308","1855","871","799","1045","667","829"
"mmu-miR-300-5p","77","272","165","280","134","184","729","109","0","272","131","166","167","112","324","201","197"
"mmu-miR-301a-3p","1998","2791","1170","3920","1564","2084","5159","3198","381","1181","4145","2609","2088","1524","3078","3058","2022"
"mmu-miR-301a-5p","5","5","0","12","3","3","9","0","0","0","8","7","6","0","6","3","0"
"mmu-miR-301b-3p","57","36","28","94","33","40","71","54","0","33","151","43","63","33","59","129","24"
"mmu-miR-301b-5p","3","0","0","0","0","0","1","0","0","0","0","0","0","0","2","0","0"
"mmu-miR-302a-3p","0","0","0","0","0","0","0","0","0","0","0","0","0","0","0","0","0"
"mmu-miR-302a-5p","0","0","0","0","0","0","0","0","0","0","0","0","0","0","0","0","0"
"mmu-miR-302b-3p","0","0","0","0","0","0","0","0","0","0","2","0","0","0","0","0","0"
"mmu-miR-302b-5p","0","0","0","0","0","0","0","0","0","0","0","0","0","0","0","0","0"
"mmu-miR-302c-3p","0","1","0","0","0","0","0","0","0","0","2","0","0","0","0","0","0"
"mmu-miR-302c-5p","0","0","0","0","0","0","0","0","0","0","0","0","0","0","0","0","0"
"mmu-miR-302d-3p","0","1","1","0","0","0","0","0","0","7","0","0","0","0","0","0","0"
"mmu-miR-302d-5p","0","1","0","0","0","0","0","0","0","0","6","0","0","0","0","0","0"
"mmu-miR-3057-3p","2","3","7","9","7","9","12","3","0","0","0","0","10","9","16","10","16"
"mmu-miR-3057-5p","0","1","3","4","0","3","6","0","0","0","0","3","0","3","3","5","4"
"mmu-miR-3058-3p","0","3","0","4","0","3","0","0","0","0","0","0","0","0","0","2","0"
"mmu-miR-3058-5p","2","0","0","1","0","0","0","0","0","0","0","0","0","0","0","0","0"
"mmu-miR-3059-3p","0","1","0","1","0","0","3","0","0","0","2","0","0","0","0","0","0"
"mmu-miR-3059-5p","3","1","6","1","0","0","5","0","0","0","4","1","2","0","3","0","2"
"mmu-miR-3060-3p","9","20","31","31","5","34","75","10","0","0","10","14","16","9","28","41","33"
"mmu-miR-3060-5p","0","0","0","0","0","0","0","0","0","0","0","0","0","0","0","0","0"
"mmu-miR-3061-3p","0","1","0","7","0","5","1","0","0","0","2","1","2","6","3","5","0"
"mmu-miR-3061-5p","2","0","0","0","0","0","0","0","0","0","2","0","0","0","0","0","0"
"mmu-miR-3062-3p","0","0","0","0","2","0","1","0","0","0","0","0","0","0","0","0","0"
"mmu-miR-3062-5p","2","13","18","19","7","15","45","0","0","13","6","4","6","3","14","14","6"
"mmu-miR-3063-3p","0","0","0","0","0","0","0","0","0","0","0","0","0","0","0","0","0"
"mmu-miR-3063-5p","2","0","0","0","0","0","0","0","0","0","0","0","0","0","0","0","0"
"mmu-miR-3064-3p","0","5","6","5","2","2","7","0","0","0","0","0","2","0","5","3","4"
"mmu-miR-3064-5p","2","3","0","4","0","0","3","3","0","0","6","1","2","3","0","2","0"
"mmu-miR-3065-3p","3","12","9","2","2","6","15","0","0","13","0","1","0","3","3","5","2"
"mmu-miR-3065-5p","2","3","1","7","2","0","2","0","0","0","2","1","0","3","2","2","2"
"mmu-miR-3066-3p","0","0","0","0","0","0","0","0","0","0","0","0","0","0","0","0","0"
"mmu-miR-3066-5p","5","7","1","2","5","8","2","0","0","0","2","7","2","3","2","2","0"
"mmu-miR-3067-3p","0","0","0","0","0","0","0","0","0","0","2","0","0","0","0","0","0"
"mmu-miR-3067-5p","2","0","0","0","0","0","0","0","0","0","0","0","0","0","0","0","0"
"mmu-miR-3068-3p","91","122","149","132","71","61","186","122","0","46","183","125","159","86","226","169","175"
"mmu-miR-3068-5p","456","856","727","766","324","408","1182","214","127","345","399","654","442","296","697","667","610"
"mmu-miR-3069-3p","0","8","7","5","2","3","12","0","0","0","2","4","2","0","8","2","4"
"mmu-miR-3069-5p","3","1","0","0","0","0","1","0","0","0","0","1","0","0","2","3","0"
"mmu-miR-3070-2-3p","0","0","0","0","2","0","1","0","0","0","2","0","0","3","2","3","0"
"mmu-miR-3070-3p","19","34","24","5","2","6","13","10","127","13","4","14","0","6","3","0","2"
"mmu-miR-3070-5p","2","0","1","2","0","0","1","0","0","0","0","0","0","0","2","0","0"
"mmu-miR-3071-3p","17","32","22","164","28","40","105","3","0","33","16","13","20","6","17","15","14"
"mmu-miR-3071-5p","0","0","0","1","0","0","6","0","0","0","0","4","4","0","0","2","0"
"mmu-miR-3072-3p","14","4","4","30","9","35","61","7","0","0","6","6","22","15","28","25","28"
"mmu-miR-3072-5p","0","0","0","0","0","0","0","0","0","0","0","0","0","0","0","0","0"
"mmu-miR-3073a-3p","0","0","0","0","0","0","0","0","0","0","0","0","0","0","0","0","0"
"mmu-miR-3073a-5p","0","0","0","0","0","0","0","0","0","0","0","0","0","0","0","0","0"
"mmu-miR-3073b-3p","0","0","0","0","0","0","0","0","0","0","0","0","0","0","0","0","0"
"mmu-miR-3073b-5p","0","0","0","0","0","0","0","0","0","0","0","0","0","0","0","0","0"
"mmu-miR-3074-1-3p","0","1","0","0","0","0","1","0","0","0","0","0","0","0","0","0","0"
"mmu-miR-3074-2-3p","0","0","0","0","0","0","0","0","0","0","0","0","0","0","0","0","0"
"mmu-miR-3074-5p","0","0","0","0","0","0","1","0","0","0","0","4","0","0","2","0","0"
"mmu-miR-3075-3p","2","0","0","0","0","0","0","0","0","0","0","0","0","0","0","0","0"
"mmu-miR-3075-5p","0","0","0","0","0","0","0","0","0","0","0","1","0","0","0","0","0"
"mmu-miR-3076-3p","0","0","0","0","0","0","1","0","0","0","0","0","2","0","0","0","0"
"mmu-miR-3076-5p","2","7","12","11","5","5","22","7","0","0","2","0","8","15","20","5","6"
"mmu-miR-3077-3p","2","1","3","0","2","0","1","0","0","0","0","0","0","3","3","2","6"
"mmu-miR-3077-5p","0","0","0","0","0","0","0","0","0","0","0","0","0","0","0","0","0"
"mmu-miR-3078-3p","0","1","4","2","0","2","5","0","0","0","0","0","6","0","3","2","2"
"mmu-miR-3078-5p","5","13","25","30","21","17","63","3","0","0","14","6","24","3","47","22","14"
"mmu-miR-3079-3p","0","0","0","0","0","0","0","0","0","0","0","0","0","0","0","0","0"
"mmu-miR-3079-5p","0","1","0","0","0","0","0","0","0","0","0","0","0","0","0","0","0"
"mmu-miR-3080-3p","0","0","0","0","0","0","1","0","0","0","0","0","0","0","0","0","0"
"mmu-miR-3080-5p","0","1","3","1","2","2","3","0","0","0","0","0","0","0","2","0","0"
"mmu-miR-3081-3p","0","1","0","0","0","0","0","0","0","0","0","1","0","0","2","0","0"
"mmu-miR-3081-5p","0","0","0","0","0","0","0","0","0","0","0","0","0","0","0","0","0"
"mmu-miR-3082-3p","0","1","0","0","0","0","0","0","0","0","0","0","0","0","0","0","0"
"mmu-miR-3082-5p","127","36","7","15","7","2","1","24","0","27","85","10","2","0","2","2","4"
"mmu-miR-3083-3p","2","0","1","1","0","2","1","0","0","0","2","1","4","3","3","0","4"
"mmu-miR-3083-5p","2","3","3","4","0","2","8","3","0","0","0","0","0","0","0","0","0"
"mmu-miR-3084-3p","7","1","3","4","2","2","5","0","0","0","8","9","4","0","0","0","0"
"mmu-miR-3084-5p","7","25","40","29","19","18","71","3","0","0","10","22","14","18","41","49","24"
"mmu-miR-3085-3p","105","99","46","89","90","84","130","17","0","13","20","49","75","50","22","49","16"
"mmu-miR-3085-5p","0","1","1","4","2","2","0","0","0","0","0","0","0","0","2","5","0"
"mmu-miR-3086-3p","2","0","0","0","0","0","0","0","0","0","0","0","0","0","0","0","0"
"mmu-miR-3086-5p","0","0","0","0","0","0","0","0","0","0","0","0","0","0","0","0","0"
"mmu-miR-3087-3p","2","0","6","7","10","3","17","0","0","0","4","4","2","0","3","5","2"
"mmu-miR-3087-5p","0","0","0","1","0","3","0","0","0","0","0","0","2","0","0","0","2"
"mmu-miR-3088-3p","0","0","0","1","2","0","1","0","0","0","2","1","2","0","0","0","0"
"mmu-miR-3088-5p","0","0","0","0","0","0","0","0","0","0","0","0","0","3","0","0","0"
"mmu-miR-3089-3p","2","0","0","0","0","0","0","0","0","0","0","0","0","0","0","0","0"
"mmu-miR-3089-5p","0","0","0","0","0","0","0","0","0","0","0","0","0","0","0","0","0"
"mmu-miR-3090-3p","0","0","0","0","0","0","0","0","0","0","0","0","0","0","0","0","0"
"mmu-miR-3090-5p","2","0","1","0","0","0","0","0","0","0","0","0","0","0","0","0","0"
"mmu-miR-3091-3p","0","0","0","0","0","0","0","0","0","0","0","0","0","0","0","0","0"
"mmu-miR-3091-5p","0","0","0","0","2","0","0","0","0","0","2","3","0","0","0","0","0"
"mmu-miR-3092-3p","0","0","0","0","0","0","0","0","0","0","0","0","0","0","0","0","0"
"mmu-miR-3092-5p","2","1","0","0","0","0","0","0","0","0","0","0","0","0","0","0","0"
"mmu-miR-3093-3p","0","1","0","1","0","2","1","0","0","0","0","0","0","3","0","0","0"
"mmu-miR-3093-5p","5","0","0","0","2","0","6","0","0","0","2","0","0","0","2","0","0"
"mmu-miR-3094-3p","3","1","0","1","2","0","1","0","0","0","0","0","0","0","0","2","0"
"mmu-miR-3094-5p","3","4","1","0","2","5","5","0","0","0","10","1","0","0","2","5","6"
"mmu-miR-3095-3p","0","0","0","0","0","0","0","0","0","0","0","0","0","0","0","0","0"
"mmu-miR-3095-5p","0","0","0","0","0","0","0","0","0","0","0","1","0","0","0","0","0"
"mmu-miR-3097-3p","3","1","1","4","0","3","5","0","0","0","2","0","2","3","2","5","0"
"mmu-miR-3097-5p","0","5","1","5","0","0","3","0","0","0","0","0","0","0","0","0","2"
"mmu-miR-3098-3p","2","0","1","0","0","0","0","3","0","13","2","1","0","0","0","0","0"
"mmu-miR-3098-5p","2","0","0","0","0","0","0","0","0","0","2","1","0","0","0","0","0"
"mmu-miR-3099-3p","33","41","28","90","23","43","102","14","0","7","6","24","36","38","34","22","20"
"mmu-miR-3099-5p","2","0","0","1","0","0","1","0","0","0","0","0","0","0","2","0","0"
"mmu-miR-30a-3p","48","86","38","96","33","49","132","78","0","53","99","103","38","24","70","46","47"
"mmu-miR-30a-5p","857","708","285","600","350","369","625","272","0","219","286","864","274","255","182","190","126"
"mmu-miR-30b-3p","9","7","18","5","7","3","47","10","0","7","18","17","8","9","27","7","12"
"mmu-miR-30b-5p","776","873","277","1667","499","777","1420","567","0","358","1034","568","303","231","438","589","421"
"mmu-miR-30c-1-3p","7","12","4","11","0","2","17","7","254","0","2","13","6","12","12","8","4"
"mmu-miR-30c-2-3p","26","41","41","35","12","26","52","27","0","7","24","76","16","27","22","34","18"
"mmu-miR-30c-5p","1614","2084","834","3329","898","1898","2900","1254","381","497","1900","1248","779","604","762","1499","778"
"mmu-miR-30d-3p","9","9","3","6","3","5","19","24","0","7","4","7","2","3","5","7","8"
"mmu-miR-30d-5p","622","1202","545","706","420","641","1319","289","0","259","264","634","353","320","317","357","242"
"mmu-miR-30e-3p","12","42","10","66","7","32","92","34","0","46","54","24","16","15","44","17","30"
"mmu-miR-30e-5p","1744","1693","523","1205","460","757","1590","408","0","451","512","1379","508","468","465","387","323"
"mmu-miR-30f","0","0","0","0","0","0","0","0","0","0","0","0","0","0","0","0","0"
"mmu-miR-31-3p","14","12","12","7","3","11","16","3","0","0","2","7","2","3","9","5","6"
"mmu-miR-31-5p","17","29","19","11","7","17","40","3","0","0","10","36","16","0","8","14","20"
"mmu-miR-3100-3p","3","0","0","1","0","0","1","0","0","0","2","0","2","0","3","0","4"
"mmu-miR-3100-5p","2","3","0","0","0","0","0","0","0","0","0","1","0","0","0","0","0"
"mmu-miR-3101-3p","0","1","0","0","0","2","1","0","0","0","2","0","0","3","2","0","0"
"mmu-miR-3101-5p","0","5","6","12","9","3","17","3","0","13","4","0","2","3","12","5","0"
"mmu-miR-3102-3p","27","32","56","185","80","104","227","20","0","7","18","26","85","74","142","76","102"
"mmu-miR-3102-3p.2-3p","7","5","7","21","3","29","33","0","0","0","2","6","6","9","12","8","14"
"mmu-miR-3102-5p","0","3","0","0","0","0","0","0","0","0","0","0","0","0","0","0","0"
"mmu-miR-3102-5p.2-5p","7","33","56","35","23","17","35","7","0","33","8","10","38","9","39","34","39"
"mmu-miR-3103-3p","2","3","1","1","0","0","0","0","0","0","0","1","0","0","0","0","0"
"mmu-miR-3103-5p","0","0","0","1","0","0","0","0","0","0","0","0","0","0","0","0","0"
"mmu-miR-3104-3p","0","0","1","1","0","0","1","0","0","0","0","1","0","0","2","0","0"
"mmu-miR-3104-5p","0","0","0","0","0","2","0","0","0","0","0","0","0","0","0","0","0"
"mmu-miR-3105-3p","0","0","0","0","0","0","0","0","0","0","0","3","0","0","0","0","0"
"mmu-miR-3105-5p","0","1","0","0","0","0","2","3","0","0","4","1","0","0","0","0","0"
"mmu-miR-3106-3p","5","3","3","4","3","0","3","0","0","0","0","3","0","0","3","0","6"
"mmu-miR-3106-5p","589","262","189","762","375","254","468","78","127","93","91","321","143","101","147","122","132"
"mmu-miR-3108-3p","2","3","0","0","0","0","0","0","0","0","0","0","0","0","0","0","0"
"mmu-miR-3108-5p","0","1","0","0","0","0","0","0","0","0","2","0","0","0","0","0","0"
"mmu-miR-3109-3p","2","0","0","1","0","0","0","0","0","7","0","0","0","0","0","0","0"
"mmu-miR-3109-5p","0","0","0","0","0","0","0","0","0","0","0","0","0","0","0","0","0"
"mmu-miR-3110-3p","0","0","0","0","0","0","0","0","0","0","0","0","0","0","0","0","0"
"mmu-miR-3110-5p","2","0","0","0","0","0","0","0","0","0","2","0","0","0","0","0","0"
"mmu-miR-3112-3p","2","0","0","0","0","0","0","0","0","0","0","0","0","0","0","0","0"
"mmu-miR-3112-5p","0","0","0","0","0","0","0","0","0","0","0","0","0","0","0","0","0"
"mmu-miR-3113-3p","0","0","0","0","0","0","0","0","0","0","0","0","0","0","0","0","0"
"mmu-miR-3113-5p","3","0","3","1","0","3","0","0","0","0","0","0","0","0","0","0","0"
"mmu-miR-3154","0","0","0","0","0","0","0","0","0","0","0","0","2","0","0","0","0"
"mmu-miR-32-3p","7","4","0","0","2","0","1","17","0","0","10","16","0","0","0","0","0"
"mmu-miR-32-5p","605","199","38","81","45","55","69","160","0","60","167","588","24","24","23","20","30"
"mmu-miR-320-3p","120","171","231","382","229","305","399","48","0","60","52","225","288","183","388","190","234"
"mmu-miR-320-5p","2","0","0","0","0","0","0","0","0","0","2","0","0","0","0","0","0"
"mmu-miR-322-3p","46","101","55","5","7","8","7","65","0","46","73","118","4","9","6","12","4"
"mmu-miR-322-5p","637","563","363","144","45","67","106","900","0","305","1278","1226","56","56","67","73","41"
"mmu-miR-323-3p","154","381","252","1087","281","593","1206","105","127","86","298","133","329","175","536","623","394"
"mmu-miR-323-5p","0","1","0","6","2","3","5","0","0","0","2","1","0","0","2","8","4"
"mmu-miR-324-3p","151","96","200","350","180","175","425","85","0","93","44","166","141","124","148","146","130"
"mmu-miR-324-5p","1743","2171","2566","2904","1647","1507","5582","1240","762","471","744","1704","1878","1347","2052","1597","1917"
"mmu-miR-325-3p","103","62","40","74","33","49","80","34","0","7","36","54","20","27","16","46","12"
"mmu-miR-325-5p","77","82","27","37","17","27","77","27","0","20","26","23","16","15","17","29","6"
"mmu-miR-326-3p","159","58","130","227","76","96","228","17","0","13","34","87","89","59","75","74","75"
"mmu-miR-326-5p","0","1","0","0","0","0","0","0","0","0","0","0","0","0","0","0","0"
"mmu-miR-327","0","0","0","0","0","0","0","0","0","0","0","0","0","3","0","0","0"
"mmu-miR-328-3p","57","74","90","259","83","193","277","37","0","40","69","95","115","74","145","147","108"
"mmu-miR-328-5p","0","1","0","0","0","0","0","0","0","13","0","0","0","0","0","0","0"
"mmu-miR-329-3p","87","210","139","370","121","219","426","51","0","33","83","76","131","98","182","218","110"
"mmu-miR-329-5p","58","137","106","132","62","66","135","37","0","86","73","103","67","98","114","73","55"
"mmu-miR-33-3p","175","164","159","181","73","123","298","105","0","27","91","175","95","50","104","78","96"
"mmu-miR-33-5p","6019","4266","1647","3964","1913","2311","2944","3847","1142","5471","6313","11383","5984","6017","8530","5761","5343"
"mmu-miR-330-3p","93","433","451","534","284","439","1318","116","127","199","185","109","290","281","893","509","736"
"mmu-miR-330-5p","63","109","56","80","42","72","136","10","0","20","18","43","18","15","41","25","43"
"mmu-miR-331-3p","730","816","718","792","196","264","931","398","0","153","369","790","629","391","678","673","728"
"mmu-miR-331-5p","19","50","46","26","7","15","47","7","0","0","10","27","12","3","3","8","14"
"mmu-miR-335-3p","117","101","50","271","76","184","229","10","0","7","16","53","34","18","19","34","12"
"mmu-miR-335-5p","5356","5463","5488","8981","3106","4322","11116","5814","4569","4271","9173","4858","2362","1918","4161","5398","2354"
"mmu-miR-337-3p","21","11","6","29","16","9","29","7","0","13","10","7","2","6","6","8","8"
"mmu-miR-337-5p","24","64","69","91","42","43","143","71","254","60","54","67","75","65","114","127","102"
"mmu-miR-338-3p","5","9","12","10","9","8","13","3","0","0","2","14","0","6","2","2","0"
"mmu-miR-338-5p","3","14","12","42","19","18","71","3","0","7","12","14","8","6","23","15","10"
"mmu-miR-339-3p","22","14","13","26","16","17","22","3","0","7","4","13","8","3","9","5","4"
"mmu-miR-339-5p","24","18","21","29","14","24","29","3","0","7","14","30","8","6","20","7","16"
"mmu-miR-340-3p","125","242","202","420","192","235","575","112","0","33","173","191","141","110","206","212","167"
"mmu-miR-340-5p","471","321","108","324","153","133","338","143","0","172","208","305","194","115","196","201","148"
"mmu-miR-341-3p","39","50","40","175","42","73","100","3","0","7","14","50","26","9","14","14","14"
"mmu-miR-341-5p","2","0","0","0","0","0","0","0","0","0","0","0","0","0","0","0","0"
"mmu-miR-342-3p","576","991","998","2797","858","1920","3010","421","254","146","699","616","635","506","1336","1633","841"
"mmu-miR-342-5p","111","626","399","547","305","526","796","207","0","225","208","155","288","240","678","563","346"
"mmu-miR-343","3","0","0","0","0","0","0","0","0","0","2","0","0","0","0","0","0"
"mmu-miR-344-3p","221","134","146","231","95","90","114","34","0","40","50","103","73","50","55","47","28"
"mmu-miR-344-5p","0","0","0","0","0","2","0","0","0","0","0","1","0","0","0","0","0"
"mmu-miR-344b-3p","9","4","6","7","5","2","10","3","0","0","4","3","6","0","2","2","6"
"mmu-miR-344b-5p","0","0","0","1","0","0","0","0","0","0","2","0","0","0","0","0","0"
"mmu-miR-344c-3p","39","75","62","36","10","38","62","17","0","33","22","70","22","18","25","34","20"
"mmu-miR-344c-5p","0","0","0","0","3","2","1","0","0","0","0","0","0","0","0","0","0"
"mmu-miR-344d-1-5p","0","0","1","0","0","0","0","0","0","0","0","0","0","0","0","0","0"
"mmu-miR-344d-2-5p","0","0","0","0","2","0","0","0","0","0","0","0","0","0","0","0","0"
"mmu-miR-344d-3-5p","0","0","0","0","0","0","0","0","0","0","0","0","0","0","0","0","0"
"mmu-miR-344d-3p","63","138","147","414","194","248","638","34","0","27","69","73","117","112","223","198","144"
"mmu-miR-344e-3p","0","1","0","1","0","0","1","0","0","0","0","0","0","0","0","0","0"
"mmu-miR-344e-5p__mmu-miR-344h-5p","0","0","3","0","2","2","1","0","0","0","0","0","0","0","0","0","0"
"mmu-miR-344f-3p","3","3","1","9","5","5","12","7","0","0","0","3","0","3","0","2","2"
"mmu-miR-344f-5p","3","1","1","2","0","0","0","0","0","0","0","0","0","0","0","0","0"
"mmu-miR-344g-3p","7","5","19","19","7","9","27","3","0","0","2","11","26","18","64","24","45"
"mmu-miR-344g-5p","0","0","0","0","0","0","0","0","0","0","0","0","0","0","0","0","0"
"mmu-miR-344h-3p","2","0","0","2","0","0","0","0","0","0","2","0","0","3","0","0","0"
"mmu-miR-344i","0","0","0","0","0","0","0","0","0","0","0","0","0","0","0","0","0"
"mmu-miR-345-3p","9","14","12","34","7","32","37","3","0","20","14","16","10","18","12","7","18"
"mmu-miR-345-5p","110","126","96","311","90","166","140","65","0","20","58","105","34","27","45","39","37"
"mmu-miR-346-3p","0","0","1","0","0","0","0","0","0","0","0","0","0","0","0","0","0"
"mmu-miR-346-5p","33","92","62","97","33","94","157","20","0","13","34","50","40","44","75","71","91"
"mmu-miR-3470a","404","130","25","30","2","2","0","61","0","60","117","16","0","3","0","2","4"
"mmu-miR-3470b","1131","456","158","59","12","29","9","231","0","332","363","29","12","27","3","12","14"
"mmu-miR-3471","19","9","3","2","2","0","0","3","0","0","4","1","0","0","0","0","0"
"mmu-miR-3472","65","22","9","1","0","2","0","20","0","7","16","3","0","3","0","7","0"
"mmu-miR-3473a","29","14","3","4","2","2","0","10","0","13","30","4","0","0","0","2","0"
"mmu-miR-3473b","211","118","118","186","95","49","49","51","0","139","79","95","77","47","64","29","71"
"mmu-miR-3473c","3","1","3","2","0","0","0","0","0","0","2","0","0","0","0","0","0"
"mmu-miR-3473d","9","4","3","2","3","2","2","7","0","0","2","4","2","0","0","8","4"
"mmu-miR-3473e","0","0","0","0","0","0","0","0","0","0","0","0","0","0","0","0","0"
"mmu-miR-3473f","3","1","0","0","0","0","0","0","0","0","0","0","0","0","0","0","0"
"mmu-miR-3473g","2","0","1","1","3","5","6","0","0","0","2","0","0","0","5","3","4"
"mmu-miR-3474","2","0","0","0","0","0","0","0","0","0","0","0","2","0","2","3","2"
"mmu-miR-3475-3p","2","1","1","0","0","0","0","0","0","0","0","0","0","0","2","0","0"
"mmu-miR-3475-5p","0","0","0","0","0","0","0","0","0","0","0","0","0","0","0","2","0"
"mmu-miR-34a-3p","14","9","4","1","2","0","8","14","0","0","6","16","4","0","0","7","2"
"mmu-miR-34a-5p","903","898","725","635","350","340","406","618","127","225","947","2851","296","266","251","519","262"
"mmu-miR-34b-3p","0","3","3","1","0","0","0","0","0","0","0","9","0","0","0","0","4"
"mmu-miR-34b-5p","24","12","1","5","2","2","2","7","0","0","4","73","2","0","0","0","0"
"mmu-miR-34c-3p","2","0","1","0","0","0","1","0","0","0","2","1","0","0","0","0","0"
"mmu-miR-34c-5p","31","25","16","7","5","2","5","17","0","0","6","93","2","0","2","3","6"
"mmu-miR-350-3p","348","479","228","439","182","236","766","652","0","192","334","480","432","281","416","415","323"
"mmu-miR-350-5p","2","4","3","2","2","2","6","0","0","0","4","3","0","3","2","7","2"
"mmu-miR-351-3p","0","0","0","0","0","0","0","0","0","0","0","1","0","0","0","0","0"
"mmu-miR-351-5p","168","182","234","50","47","44","77","150","0","99","111","364","61","68","58","85","71"
"mmu-miR-3535","12","17","9","0","2","0","3","24","0","13","22","17","4","0","2","3","2"
"mmu-miR-3544-3p","0","0","4","4","0","2","3","0","0","0","2","4","0","3","3","3","2"
"mmu-miR-3544-5p","7","18","7","32","28","8","73","10","0","7","8","13","16","9","36","20","20"
"mmu-miR-3547-3p","3","1","0","7","0","0","1","0","0","0","0","0","0","0","0","0","0"
"mmu-miR-3547-5p","0","0","0","0","0","0","0","0","0","0","0","0","0","0","0","0","0"
"mmu-miR-3552","2","0","0","1","0","0","0","0","0","0","0","0","0","0","0","0","0"
"mmu-miR-3569-3p","0","0","0","0","0","0","0","0","0","0","0","1","0","0","0","0","0"
"mmu-miR-3569-5p","0","1","0","0","0","0","1","0","0","0","0","0","0","0","0","0","0"
"mmu-miR-3572-3p","2","3","0","1","0","2","0","0","0","0","0","0","0","6","0","0","0"
"mmu-miR-3572-5p","0","0","0","1","0","0","2","3","0","0","0","0","2","0","3","0","2"
"mmu-miR-361-3p","36","89","78","120","47","79","306","58","0","27","109","86","99","89","136","135","100"
"mmu-miR-361-5p","96","141","105","176","120","160","326","92","0","20","139","140","141","112","151","208","110"
"mmu-miR-3618-3p","2","0","0","0","0","0","0","0","0","0","0","0","0","0","0","0","0"
"mmu-miR-3618-5p","2","0","0","0","0","0","0","0","0","0","0","0","0","0","0","0","0"
"mmu-miR-362-3p","2","5","1","6","2","2","2","7","0","0","0","4","0","0","0","0","2"
"mmu-miR-362-5p","5","8","3","1","2","0","9","0","0","7","6","7","2","0","6","3","2"
"mmu-miR-3620-3p","0","0","0","0","0","0","0","0","0","0","0","0","0","0","0","0","0"
"mmu-miR-3620-5p","2","0","0","0","0","0","0","0","0","0","2","0","0","0","0","0","0"
"mmu-miR-363-3p","2","1","0","0","0","0","0","0","0","0","0","0","0","0","0","2","0"
"mmu-miR-363-5p","2","0","0","0","0","0","0","0","0","0","0","0","0","0","2","0","0"
"mmu-miR-365-1-5p","2","0","0","1","2","0","0","0","0","0","0","1","0","0","0","0","0"
"mmu-miR-365-2-5p","2","1","0","0","0","0","1","0","0","0","0","0","0","0","0","0","2"
"mmu-miR-365-3p","51","51","60","71","40","52","77","48","0","20","69","171","18","27","61","41","63"
"mmu-miR-367-3p","2","0","0","0","0","0","0","0","0","0","0","0","0","0","0","0","0"
"mmu-miR-367-5p","0","0","0","0","0","0","0","0","0","0","0","0","0","0","0","0","0"
"mmu-miR-369-3p","843","796","367","2606","999","949","2120","330","508","199","586","605","534","397","773","780","654"
"mmu-miR-369-5p","139","253","137","740","258","350","799","119","0","53","181","215","190","130","309","286","203"
"mmu-miR-370-3p","363","276","719","864","362","338","868","126","0","153","121","831","127","92","142","117","165"
"mmu-miR-370-5p","24","29","60","92","40","32","147","27","0","7","22","30","48","15","69","56","57"
"mmu-miR-374b-3p","0","0","0","0","0","0","0","0","0","0","0","1","0","0","0","0","0"
"mmu-miR-374b-5p","15","17","7","35","17","14","30","24","0","13","24","24","20","6","22","19","12"
"mmu-miR-374c-3p","0","0","0","0","0","0","0","0","0","0","0","0","0","0","0","0","0"
"mmu-miR-374c-5p","0","0","0","0","0","0","0","0","0","0","0","0","0","0","0","0","0"
"mmu-miR-375-3p","0","12","0","0","0","0","0","7","0","7","0","10","2","0","0","2","0"
"mmu-miR-375-5p","0","0","0","0","0","0","0","0","0","0","0","0","0","0","0","0","0"
"mmu-miR-376a-3p","5428","4646","3651","6400","3276","2756","6640","608","762","1731","639","3050","1321","909","1405","1008","1287"
"mmu-miR-376a-5p","139","243","203","295","130","168","306","68","0","86","83","169","103","65","128","125","106"
"mmu-miR-376b-3p","3749","5756","3380","8574","4797","4528","16230","1115","1269","1287","1370","3161","2933","1841","2763","3802","2376"
"mmu-miR-376b-5p","135","176","139","359","125","184","388","68","127","86","145","245","149","92","221","151","144"
"mmu-miR-376c-3p","332","464","286","817","376","402","965","160","0","99","157","328","192","148","296","262","193"
"mmu-miR-376c-5p","2","0","1","4","2","3","6","0","0","0","2","4","0","0","2","0","0"
"mmu-miR-377-3p","156","235","91","172","87","107","229","24","0","53","22","82","61","38","76","54","49"
"mmu-miR-377-5p","9","16","13","25","5","12","26","3","0","0","4","9","12","6","12","12","16"
"mmu-miR-378a-3p","0","0","0","0","0","0","0","0","0","0","0","0","0","0","0","0","0"
"mmu-miR-378a-5p","0","3","1","7","0","9","7","0","0","0","4","1","0","3","0","5","0"
"mmu-miR-378b","0","0","0","0","0","0","0","0","0","0","2","1","0","0","0","0","0"
"mmu-miR-378c","0","0","0","0","0","0","0","0","0","0","0","0","0","0","0","0","0"
"mmu-miR-378d","0","0","0","1","0","0","0","0","0","0","0","0","0","0","0","0","0"
"mmu-miR-379-3p","422","681","339","774","356","331","1172","177","127","113","143","195","230","186","351","406","268"
"mmu-miR-379-5p","655","1400","1315","1054","728","510","2001","374","762","318","377","920","482","411","681","795","561"
"mmu-miR-380-3p","1119","1644","454","1275","624","666","1568","173","0","338","228","505","446","373","557","582","437"
"mmu-miR-380-5p","288","480","613","847","362","398","938","133","127","245","332","216","274","201","485","464","335"
"mmu-miR-381-3p","413","450","220","305","206","235","755","10","0","13","38","186","63","77","72","49","55"
"mmu-miR-381-5p","24","76","34","49","28","34","78","14","0","7","26","37","26","27","53","27","51"
"mmu-miR-382-3p","48","50","22","207","50","102","203","24","0","27","52","40","40","38","76","98","51"
"mmu-miR-382-5p","135","283","164","1170","241","718","804","88","127","385","252","106","196","142","343","327","260"
"mmu-miR-383-3p","3","0","7","4","0","2","1","3","0","7","8","3","0","12","2","10","0"
"mmu-miR-383-5p","43","22","16","90","57","70","77","14","0","7","62","20","65","65","31","144","41"
"mmu-miR-384-3p","553","257","112","789","281","404","636","251","127","99","429","338","228","219","290","465","201"
"mmu-miR-384-5p","603","717","498","1105","458","815","1251","224","0","153","405","568","508","417","591","839","370"
"mmu-miR-3960","3","0","1","0","0","0","0","0","0","0","2","0","0","0","2","0","0"
"mmu-miR-3961","0","0","0","0","0","0","0","0","0","0","0","0","0","0","0","0","0"
"mmu-miR-3962","2","0","0","0","0","0","0","0","0","0","0","0","0","0","2","0","0"
"mmu-miR-3963","10","17","31","14","5","2","13","0","0","0","4","13","0","0","2","3","0"
"mmu-miR-3964","0","0","0","0","0","0","0","0","0","0","0","0","0","0","0","0","0"
"mmu-miR-3965","0","0","0","0","0","0","0","0","0","0","0","0","0","0","0","0","0"
"mmu-miR-3966","0","0","0","0","0","0","0","0","0","0","0","0","0","0","0","0","0"
"mmu-miR-3967","0","1","0","0","0","0","0","0","0","0","0","0","0","0","0","0","0"
"mmu-miR-3968","0","1","6","0","0","0","0","0","0","0","0","0","0","0","0","0","0"
"mmu-miR-3969","2","0","0","0","0","0","0","0","0","0","0","0","0","0","0","0","0"
"mmu-miR-3970","0","0","0","0","0","2","0","0","0","0","0","1","0","0","0","0","0"
"mmu-miR-3971","0","0","0","0","0","0","0","0","0","0","0","0","0","0","0","0","0"
"mmu-miR-409-3p","2741","11364","12863","13508","6357","9463","38131","1162","1777","2845","1209","2658","3015","2456","4833","4320","3283"
"mmu-miR-409-5p","98","220","171","454","158","197","501","68","0","66","143","129","147","83","196","247","199"
"mmu-miR-410-3p","464","1022","354","704","525","451","1240","99","888","186","131","364","315","222","385","321","295"
"mmu-miR-410-5p","0","1","3","2","0","2","0","0","0","0","0","1","2","0","8","5","0"
"mmu-miR-411-3p","481","1005","681","854","432","498","2157","204","0","153","230","298","411","305","646","697","563"
"mmu-miR-411-5p","379","593","348","791","397","375","900","204","127","80","175","370","234","136","304","327","238"
"mmu-miR-412-3p","27","37","35","82","33","40","217","20","0","20","16","24","52","9","59","52","33"
"mmu-miR-412-5p","27","80","59","340","95","213","487","10","0","20","46","37","91","47","248","115","144"
"mmu-miR-421-3p","48","92","83","176","97","78","197","31","0","7","58","40","54","38","81","63","51"
"mmu-miR-421-5p","2","0","1","7","5","0","12","0","0","0","2","0","2","9","3","2","2"
"mmu-miR-423-3p","7","5","3","7","0","3","3","3","0","0","8","11","6","0","5","3","4"
"mmu-miR-423-5p","34","43","55","116","50","78","34","7","0","20","12","119","71","56","87","37","75"
"mmu-miR-425-3p","53","100","90","86","68","79","191","34","127","27","30","103","58","36","56","58","69"
"mmu-miR-425-5p","10","18","6","26","9","11","26","3","0","7","18","13","6","6","6","10","4"
"mmu-miR-429-3p","0","1","0","4","0","3","6","3","0","0","2","1","0","0","2","0","0"
"mmu-miR-429-5p","0","0","0","0","0","0","0","0","0","0","0","0","0","0","0","0","0"
"mmu-miR-431-3p","103","104","254","444","246","308","532","34","0","20","34","140","244","186","404","303","343"
"mmu-miR-431-5p","461","927","442","680","404","600","972","20","254","66","36","304","44","71","84","86","67"
"mmu-miR-432","0","0","0","0","0","0","0","0","0","0","0","0","0","0","0","0","0"
"mmu-miR-433-3p","1055","2355","1396","3234","1738","3998","5426","282","127","225","401","570","1523","1773","3433","2553","1343"
"mmu-miR-433-5p","296","731","553","782","361","523","1475","102","127","119","177","244","272","222","511","518","254"
"mmu-miR-434-3p","130","162","49","444","144","204","389","41","127","33","103","66","50","65","106","151","93"
"mmu-miR-434-5p","255","535","330","945","371","465","1357","190","127","411","337","323","224","181","460","423","335"
"mmu-miR-448-3p","194","388","333","440","151","261","881","17","0","40","79","146","56","41","97","188","65"
"mmu-miR-448-5p","17","38","32","70","17","26","119","7","0","7","12","16","18","18","70","63","41"
"mmu-miR-449a-3p","0","0","0","0","0","0","0","0","0","0","0","0","0","0","0","0","0"
"mmu-miR-449a-5p","69","83","40","34","12","11","13","109","0","7","22","747","2","9","8","3","6"
"mmu-miR-449b","0","1","0","0","0","0","0","0","0","0","0","0","0","0","0","0","0"
"mmu-miR-449c-3p","2","0","0","0","0","0","0","3","0","0","0","3","0","0","0","0","0"
"mmu-miR-449c-5p","0","0","1","0","0","0","0","0","0","0","0","33","0","3","0","0","0"
"mmu-miR-450a-1-3p","2","3","0","0","0","0","0","3","0","0","0","0","0","0","0","0","0"
"mmu-miR-450a-2-3p","0","0","0","0","0","0","0","0","0","0","2","3","0","0","0","0","0"
"mmu-miR-450a-5p","58","37","6","5","2","0","5","14","0","7","40","54","0","0","2","2","4"
"mmu-miR-450b-3p","2","5","3","0","0","2","2","3","0","0","14","34","0","0","0","3","2"
"mmu-miR-450b-5p","0","0","0","0","0","0","0","0","0","0","0","1","0","0","0","0","0"
"mmu-miR-451a","5","0","0","0","0","0","1","0","0","0","0","4","0","0","2","0","2"
"mmu-miR-451b","0","0","0","0","0","0","0","0","0","0","0","0","0","0","0","0","0"
"mmu-miR-452-3p","0","0","0","0","0","0","0","0","0","0","0","0","0","0","0","0","0"
"mmu-miR-452-5p","0","0","1","0","0","0","0","0","0","0","0","0","0","0","0","0","0"
"mmu-miR-453","0","0","0","0","0","0","0","0","0","0","0","0","0","0","0","0","0"
"mmu-miR-455-3p","27","26","7","7","5","8","20","61","0","0","20","26","8","3","8","2","12"
"mmu-miR-455-5p","5","3","4","0","0","0","0","0","0","0","6","0","0","0","0","0","0"
"mmu-miR-463-3p","5","0","0","0","0","0","0","0","0","0","0","0","0","0","0","0","0"
"mmu-miR-463-5p","0","0","0","1","0","0","0","0","0","0","2","0","0","0","0","0","0"
"mmu-miR-465a-3p__mmu-miR-465c-3p__mmu-miR-465b-3p","0","0","0","5","2","6","1","0","0","0","0","0","0","0","0","0","0"
"mmu-miR-465a-5p","0","0","0","0","0","0","0","0","0","0","0","0","0","0","0","0","0"
"mmu-miR-465b-5p","7","0","0","0","0","0","0","0","0","0","0","0","0","0","0","0","0"
"mmu-miR-465c-5p","0","0","0","0","0","0","0","0","0","0","0","0","0","0","0","0","0"
"mmu-miR-465d-3p","0","0","0","0","0","0","0","0","0","0","0","0","0","0","0","0","0"
"mmu-miR-465d-5p","0","0","0","0","0","0","0","0","0","0","0","0","0","0","0","0","0"
"mmu-miR-466a-3p__mmu-miR-466e-3p","2","0","0","0","0","0","0","0","0","0","0","0","0","0","0","0","0"
"mmu-miR-466a-5p","0","0","0","0","0","0","0","0","0","0","0","0","0","0","0","0","0"
"mmu-miR-466c-5p","200","124","65","51","19","59","50","163","127","106","131","224","36","21","58","47","39"
"mmu-miR-466d-3p","0","1","0","1","0","0","0","0","0","0","0","0","0","0","0","0","0"
"mmu-miR-466d-5p","0","0","0","0","0","0","0","0","0","0","0","0","0","0","0","0","0"
"mmu-miR-466e-5p","0","0","0","0","0","0","0","0","0","0","0","0","0","0","0","0","0"
"mmu-miR-466f","5","4","0","0","0","0","0","3","0","0","0","0","2","0","2","0","0"
"mmu-miR-466f-3p","10","5","0","0","0","2","0","0","0","0","10","0","0","0","0","0","0"
"mmu-miR-466f-5p","0","0","0","0","0","0","0","0","0","0","0","0","0","0","0","2","0"
"mmu-miR-466g","93","29","6","6","2","0","1","20","0","60","24","3","2","6","0","0","0"
"mmu-miR-466h-3p","48","26","6","2","3","3","0","7","0","20","28","1","0","0","0","0","0"
"mmu-miR-466h-5p","33","14","4","2","0","5","2","7","0","0","8","7","0","0","0","2","0"
"mmu-miR-466i-3p","7","4","0","0","2","0","0","3","0","0","0","0","2","0","0","0","0"
"mmu-miR-466i-5p","178","86","7","31","16","12","3","10","508","46","117","16","8","18","0","2","4"
"mmu-miR-466j","2","0","0","0","0","0","0","0","0","0","0","0","0","0","0","0","0"
"mmu-miR-466k","12","7","4","2","2","0","1","17","0","7","10","17","0","3","2","0","0"
"mmu-miR-466l-3p","5","4","0","0","0","0","0","0","0","0","0","0","0","0","0","0","0"
"mmu-miR-466l-5p","0","0","0","0","0","0","0","0","0","7","0","1","0","0","0","0","0"
"mmu-miR-466m-3p","60","26","4","1","2","0","1","7","0","20","20","4","0","0","2","2","0"
"mmu-miR-466n-3p","3","5","0","1","0","0","0","0","0","7","2","1","0","0","0","2","4"
"mmu-miR-466n-5p","0","0","0","0","0","0","0","0","0","0","0","0","0","0","0","0","0"
"mmu-miR-466o-3p","33","7","10","0","2","2","0","7","0","20","8","1","0","0","0","0","0"
"mmu-miR-466o-5p__mmu-miR-466b-5p","0","0","0","0","0","0","0","0","0","0","0","1","0","0","0","0","0"
"mmu-miR-466p-3p__mmu-miR-466b-3p__mmu-miR-466c-3p","0","0","0","0","0","0","0","0","0","0","0","0","0","0","0","0","0"
"mmu-miR-466p-5p","0","0","0","0","0","0","0","0","0","0","0","0","0","0","0","0","0"
"mmu-miR-466q","86","39","4","5","0","5","3","31","0","27","30","4","2","6","6","3","0"
"mmu-miR-467a-3p","0","0","1","0","0","0","0","0","0","0","0","0","0","0","0","0","0"
"mmu-miR-467a-5p","516","574","150","219","80","146","213","316","0","192","228","496","105","62","76","139","63"
"mmu-miR-467b-3p","2","0","0","0","0","0","0","3","0","0","8","0","0","0","0","0","0"
"mmu-miR-467b-5p","3","0","0","0","2","0","0","3","0","0","0","0","0","0","0","0","0"
"mmu-miR-467c-3p","0","0","0","0","0","0","0","0","0","0","0","0","0","0","0","0","0"
"mmu-miR-467c-5p","17","18","7","15","5","8","6","17","0","0","24","53","0","3","6","10","0"
"mmu-miR-467d-3p","2","1","1","2","3","0","1","3","0","0","2","0","0","3","0","2","2"
"mmu-miR-467d-5p","41","33","19","20","7","17","13","7","0","0","2","49","6","6","3","2","2"
"mmu-miR-467e-3p","0","0","0","0","0","0","0","0","0","0","0","0","0","0","0","0","0"
"mmu-miR-467e-5p","120","89","75","57","23","50","49","85","0","20","46","222","28","24","28","47","28"
"mmu-miR-467f","46","29","1","4","2","2","1","41","0","53","24","3","0","0","0","2","2"
"mmu-miR-467g","137","55","7","6","0","3","3","24","254","27","20","0","0","0","0","3","0"
"mmu-miR-467h","5","1","0","0","0","0","0","3","0","0","4","0","0","0","0","0","0"
"mmu-miR-468-3p","2","0","0","0","0","0","0","0","0","0","0","0","0","0","0","0","0"
"mmu-miR-468-5p","0","0","0","0","0","0","0","0","0","0","0","0","0","0","0","0","0"
"mmu-miR-470-3p","0","0","0","0","0","0","0","0","0","0","0","0","0","0","0","0","0"
"mmu-miR-470-5p","2","0","3","0","2","0","0","0","0","0","0","0","0","0","2","0","0"
"mmu-miR-471-3p","0","4","0","0","0","0","0","0","0","0","0","0","0","0","0","3","0"
"mmu-miR-471-5p","0","0","0","0","0","0","0","0","0","0","2","0","0","0","0","0","2"
"mmu-miR-483-3p","0","0","0","0","0","0","0","0","0","0","0","0","0","0","0","0","0"
"mmu-miR-483-5p","0","0","0","0","0","0","0","0","0","0","0","1","0","0","0","0","0"
"mmu-miR-484","33","21","1","10","7","5","14","3","0","0","0","10","10","0","0","0","0"
"mmu-miR-485-3p","180","321","961","1316","702","1193","1894","48","127","27","75","341","393","252","532","513","390"
"mmu-miR-485-5p","29","132","209","376","198","350","277","10","0","33","18","60","151","89","274","149","136"
"mmu-miR-486a-3p","0","0","0","0","0","0","0","0","0","0","0","0","0","0","0","2","0"
"mmu-miR-486a-5p__mmu-miR-486b-5p","19","74","137","171","68","189","180","24","0","27","14","70","93","98","165","127","102"
"mmu-miR-486b-3p","0","0","0","0","0","0","0","0","0","0","0","0","0","0","0","0","0"
"mmu-miR-487b-3p","716","1351","1047","2889","1380","1556","5788","799","254","391","935","1398","1482","1006","3159","2316","2321"
"mmu-miR-487b-5p","5","14","10","14","5","14","41","3","0","7","4","7","6","0","12","7","2"
"mmu-miR-488-3p","149","135","69","81","64","52","99","14","0","27","14","80","12","15","17","19","16"
"mmu-miR-488-5p","2","8","7","4","2","5","20","3","0","0","8","1","2","3","12","3","4"
"mmu-miR-489-3p","0","3","3","1","0","0","0","3","0","0","0","0","0","0","0","0","0"
"mmu-miR-489-5p","0","0","0","0","0","0","0","0","0","0","2","0","0","0","0","0","0"
"mmu-miR-490-3p","7","9","12","16","5","15","31","7","0","7","14","9","12","9","16","25","18"
"mmu-miR-490-5p","10","9","12","11","9","6","9","3","0","0","10","6","2","3","0","7","4"
"mmu-miR-491-3p","0","13","1","12","2","6","43","3","0","0","8","4","12","6","8","12","10"
"mmu-miR-491-5p","3","4","3","1","2","3","8","3","0","7","2","3","6","9","8","2","0"
"mmu-miR-493-3p","81","38","10","5","2","0","3","10","127","7","16","1","4","3","2","2","0"
"mmu-miR-493-5p","9","11","4","19","2","12","19","0","0","0","2","3","0","0","3","2","2"
"mmu-miR-494-3p","21","34","25","37","19","27","63","51","0","7","32","69","10","12","25","15","12"
"mmu-miR-494-5p","0","0","1","0","0","0","0","0","0","0","0","1","0","3","0","0","0"
"mmu-miR-495-3p","6036","18568","4626","14312","7864","8434","24863","2450","888","2401","2696","2815","3931","2906","6153","6359","4266"
"mmu-miR-495-5p","21","50","47","100","57","46","142","10","0","0","22","17","20","27","44","54","24"
"mmu-miR-496a-3p","651","1914","1119","1646","782","902","3071","330","0","358","397","437","611","317","1221","963","829"
"mmu-miR-496a-5p","0","0","0","1","0","0","2","0","0","0","0","0","0","0","0","0","0"
"mmu-miR-496b","0","0","0","0","0","0","0","0","0","0","0","0","0","0","0","0","0"
"mmu-miR-497a-3p","7","1","3","5","5","2","0","7","0","0","0","23","4","0","0","2","0"
"mmu-miR-497a-5p","476","550","376","120","170","55","262","1284","254","232","578","1674","359","337","173","58","220"
"mmu-miR-497b","3","1","0","0","0","0","0","0","0","0","0","0","0","0","0","0","0"
"mmu-miR-499-3p","2","0","0","0","0","0","0","0","0","0","0","0","0","0","0","0","0"
"mmu-miR-499-5p","2","0","0","1","2","0","1","3","0","7","0","0","2","0","0","0","0"
"mmu-miR-500-3p","36","43","75","29","31","29","86","14","0","13","12","56","14","12","25","10","22"
"mmu-miR-500-5p","5","13","6","14","5","11","35","0","0","7","12","4","10","0","9","8","6"
"mmu-miR-501-3p","15","36","57","106","43","70","107","7","0","20","4","59","40","33","56","54","51"
"mmu-miR-501-5p","2","1","0","1","0","3","6","0","0","7","2","7","6","0","2","5","0"
"mmu-miR-503-3p","7","16","12","2","2","0","2","0","0","0","2","7","0","0","0","2","0"
"mmu-miR-503-5p","75","99","106","25","23","21","35","82","0","27","89","545","14","15","22","14","18"
"mmu-miR-504-3p","3","3","1","0","0","2","1","0","0","0","6","0","0","0","0","0","4"
"mmu-miR-504-5p","7","5","7","49","10","24","38","0","0","0","4","7","12","0","12","14","10"
"mmu-miR-5046","0","0","0","0","0","0","0","0","0","0","0","0","0","0","0","0","0"
"mmu-miR-505-3p","51","78","53","92","62","85","152","71","0","46","83","65","67","47","111","76","55"
"mmu-miR-505-5p","19","26","85","232","95","169","371","37","0","20","32","39","105","112","327","198","144"
"mmu-miR-509-3p","0","0","0","0","0","0","0","0","0","0","0","0","0","0","0","0","0"
"mmu-miR-509-5p","2","0","0","0","0","0","1","0","0","0","0","0","0","0","0","0","4"
"mmu-miR-5098","2","0","1","0","0","0","0","0","0","0","0","0","0","0","0","0","0"
"mmu-miR-5099","497","1258","641","50","26","41","57","537","0","504","746","814","22","133","22","95","37"
"mmu-miR-5100","36","71","59","19","9","14","55","20","0","20","28","47","2","0","11","7","4"
"mmu-miR-5101","0","0","0","0","0","0","0","3","0","0","0","0","0","0","0","0","0"
"mmu-miR-5103","0","0","0","0","0","0","0","0","0","0","0","0","0","0","0","0","0"
"mmu-miR-5104","9","0","1","0","0","2","0","0","0","0","8","0","0","0","0","0","0"
"mmu-miR-5106","15","22","21","7","12","15","1","7","0","13","12","50","12","33","9","14","4"
"mmu-miR-5107-3p","0","0","0","0","0","0","0","0","0","0","0","0","0","0","0","0","0"
"mmu-miR-5107-5p","2","1","0","0","0","0","0","3","0","0","0","0","0","0","0","0","0"
"mmu-miR-5108","0","4","0","0","0","0","0","0","0","0","0","0","0","0","0","3","0"
"mmu-miR-511-3p","2","1","0","0","0","0","0","0","0","0","2","0","0","0","0","0","0"
"mmu-miR-511-5p","2","0","0","0","0","0","0","0","0","0","0","0","0","0","0","0","0"
"mmu-miR-5110","0","0","0","0","0","0","0","0","0","0","2","0","0","3","0","0","0"
"mmu-miR-5112","2","0","0","60","24","50","0","0","0","7","0","9","56","44","20","81","41"
"mmu-miR-5113","0","0","0","1","3","2","5","0","0","0","4","1","4","3","6","2","10"
"mmu-miR-5114","0","0","0","0","0","0","0","0","0","0","0","0","0","0","0","0","0"
"mmu-miR-5116","3","0","0","0","0","0","0","0","0","0","0","0","0","0","0","0","0"
"mmu-miR-5118","2","0","0","0","0","0","0","0","0","0","0","0","0","0","0","0","0"
"mmu-miR-5119","0","0","0","0","2","0","0","0","0","0","0","0","0","0","0","0","0"
"mmu-miR-5120","2","1","0","0","0","0","1","0","0","0","2","0","0","3","0","0","0"
"mmu-miR-5121","62","42","74","2","2","0","2","156","0","99","135","239","8","21","3","14","8"
"mmu-miR-5122","0","0","0","0","0","0","0","0","0","7","0","0","0","0","0","0","0"
"mmu-miR-5123","0","1","4","0","0","0","1","3","0","0","0","1","0","0","2","2","0"
"mmu-miR-5124a","5","4","3","4","5","8","0","3","0","0","2","3","2","0","2","12","0"
"mmu-miR-5124b","3","1","0","0","2","2","0","0","0","0","2","0","0","0","0","0","0"
"mmu-miR-5125","0","0","0","0","0","0","0","0","0","0","0","0","0","0","0","0","0"
"mmu-miR-5126","14","8","9","4","2","0","2","0","0","0","6","26","2","3","0","2","0"
"mmu-miR-5127","0","0","0","0","0","0","0","0","0","0","0","0","0","0","0","2","0"
"mmu-miR-5128","5","4","4","6","0","0","2","7","0","7","4","6","0","0","6","2","2"
"mmu-miR-5129-3p","3","0","1","4","0","0","2","0","0","0","2","0","0","0","0","0","0"
"mmu-miR-5129-5p","2","5","4","1","3","5","5","0","0","0","0","6","0","3","8","2","2"
"mmu-miR-5130","0","0","0","0","0","0","0","0","0","0","0","0","0","0","0","0","0"
"mmu-miR-5131","0","0","0","0","0","0","0","0","0","0","0","0","0","0","0","0","0"
"mmu-miR-5132-3p","0","0","0","0","0","0","0","0","0","0","0","0","0","0","0","0","0"
"mmu-miR-5132-5p","0","0","0","0","0","0","0","0","0","0","0","0","2","0","0","0","0"
"mmu-miR-5133","0","1","0","0","0","0","0","0","0","0","0","1","0","0","0","0","0"
"mmu-miR-5134-3p","3","0","0","1","0","0","0","0","0","0","0","0","0","0","0","0","0"
"mmu-miR-5134-5p","0","0","0","0","0","0","0","0","0","0","0","0","0","0","0","0","0"
"mmu-miR-5135","0","0","0","0","0","0","0","0","0","0","0","0","0","0","0","0","0"
"mmu-miR-5136","0","0","0","0","0","0","0","0","0","0","0","0","0","0","0","0","0"
"mmu-miR-532-3p","46","54","143","165","92","99","237","51","0","27","28","112","119","74","98","81","98"
"mmu-miR-532-5p","332","771","627","706","496","475","3078","659","254","305","375","796","559","506","870","584","693"
"mmu-miR-539-3p","7","12","4","12","9","8","34","20","0","0","8","22","6","3","20","14","6"
"mmu-miR-539-5p","15","36","15","166","23","59","135","10","0","20","22","16","20","3","45","20","35"
"mmu-miR-540-3p","7","1","1","16","2","0","10","0","0","0","0","3","4","6","0","3","2"
"mmu-miR-540-5p","26","14","15","20","3","0","20","10","0","0","4","33","6","3","9","2","4"
"mmu-miR-541-3p","10","14","16","12","3","12","14","7","0","7","6","19","0","6","8","12","4"
"mmu-miR-541-5p","98","163","111","446","168","360","650","88","254","86","99","142","180","166","298","200","213"
"mmu-miR-542-3p","93","88","29","12","10","5","12","95","0","133","111","182","8","3","3","3","2"
"mmu-miR-542-5p","5","3","6","1","0","5","2","31","0","0","22","22","0","0","2","2","2"
"mmu-miR-543-3p","1621","3481","2565","6191","2953","4406","11516","506","635","318","574","1178","1152","1012","1910","2134","1404"
"mmu-miR-543-5p","67","222","136","159","57","88","302","34","0","126","40","76","48","36","193","120","67"
"mmu-miR-544-3p","485","446","187","714","312","343","541","61","0","93","83","301","194","169","201","135","173"
"mmu-miR-544-5p","21","8","3","26","9","15","31","14","0","20","8","16","6","0","27","17","18"
"mmu-miR-546","0","0","0","0","0","0","0","0","0","0","0","0","0","0","0","0","0"
"mmu-miR-547-3p","0","4","4","9","2","3","5","10","0","0","0","3","4","9","0","3","4"
"mmu-miR-547-5p","0","0","0","0","0","0","1","0","0","7","0","0","0","0","0","0","0"
"mmu-miR-551b-3p","360","171","156","565","177","229","581","109","0","73","109","311","214","142","172","149","142"
"mmu-miR-551b-5p","5","7","12","7","5","5","14","0","0","7","4","1","8","3","6","5","8"
"mmu-miR-5615-3p","0","0","0","0","0","0","0","0","0","0","0","0","0","0","0","0","0"
"mmu-miR-5615-5p","2","0","0","0","0","0","0","0","0","0","0","0","0","0","0","0","0"
"mmu-miR-5616-3p","0","3","0","0","2","0","0","0","0","0","4","1","0","0","0","2","4"
"mmu-miR-5616-5p","2","0","0","0","0","0","1","0","0","0","2","0","0","0","0","3","0"
"mmu-miR-5617-3p","2","0","3","0","0","2","1","0","0","0","2","0","4","0","0","2","2"
"mmu-miR-5617-5p","3","1","0","2","5","0","1","0","0","0","0","0","4","0","0","3","0"
"mmu-miR-5618-3p","0","0","0","1","0","0","0","0","0","0","0","1","0","0","0","0","0"
"mmu-miR-5618-5p","0","0","0","0","0","0","0","0","0","0","0","1","0","0","0","0","0"
"mmu-miR-5619-3p","0","0","1","0","0","0","1","0","0","0","0","0","0","0","0","0","0"
"mmu-miR-5619-5p","0","0","0","0","2","3","0","0","0","0","0","0","0","0","0","2","0"
"mmu-miR-5620-3p","27","20","10","6","0","2","5","3","0","13","12","0","0","6","2","0","0"
"mmu-miR-5620-5p","0","0","0","1","0","0","0","0","0","0","0","0","0","0","0","0","0"
"mmu-miR-5621-3p","0","0","0","1","0","0","0","0","0","0","0","1","4","0","0","0","0"
"mmu-miR-5621-5p","3","1","0","0","0","0","0","0","0","0","2","0","0","0","0","0","0"
"mmu-miR-5622-3p","15","22","6","0","0","2","0","0","0","13","6","0","0","0","0","0","0"
"mmu-miR-5622-5p","0","3","1","0","0","0","0","0","0","7","4","0","0","0","0","0","0"
"mmu-miR-5623-3p","0","0","0","0","2","0","0","0","0","0","0","0","0","0","0","0","0"
"mmu-miR-5623-5p","2","0","0","0","2","0","2","0","0","0","0","1","0","0","3","0","0"
"mmu-miR-5624-3p","0","0","0","0","0","0","0","0","0","0","0","0","0","0","0","0","0"
"mmu-miR-5624-5p","0","0","0","0","0","0","0","0","0","0","0","0","0","0","0","0","0"
"mmu-miR-5625-3p","0","0","1","1","0","0","0","0","0","0","0","0","0","0","0","0","0"
"mmu-miR-5625-5p","0","1","0","0","0","0","0","0","0","0","0","0","0","0","0","0","0"
"mmu-miR-5626-3p","0","0","0","2","0","0","1","0","0","0","0","0","0","3","0","0","0"
"mmu-miR-5626-5p","0","0","0","1","0","0","0","0","0","0","0","0","0","0","0","0","0"
"mmu-miR-5627-3p","0","0","0","0","0","0","0","0","0","0","0","0","0","0","0","0","0"
"mmu-miR-5627-5p","0","0","0","0","0","0","0","0","0","0","0","0","0","0","0","0","0"
"mmu-miR-568","5","1","0","0","0","0","0","0","0","0","0","0","0","0","0","0","0"
"mmu-miR-5709-3p","0","1","0","0","0","0","0","0","0","7","0","0","0","0","0","0","0"
"mmu-miR-5709-5p","0","0","0","0","0","0","0","0","0","0","0","0","0","0","0","0","0"
"mmu-miR-5710","0","0","0","0","0","0","0","0","0","0","0","0","0","0","0","2","0"
"mmu-miR-574-3p","15","8","7","7","0","2","2","24","0","0","12","13","2","3","0","0","0"
"mmu-miR-574-5p","117","46","7","10","3","6","5","34","0","60","79","20","2","6","8","5","10"
"mmu-miR-582-3p","2","4","0","12","12","6","14","3","0","0","10","0","4","0","2","3","2"
"mmu-miR-582-5p","87","63","29","205","85","94","101","61","0","66","127","92","61","44","62","135","49"
"mmu-miR-590-3p","0","0","0","0","0","0","0","0","0","0","0","0","0","0","0","0","0"
"mmu-miR-590-5p","0","0","0","0","0","0","0","0","0","0","0","0","0","0","0","0","0"
"mmu-miR-592-3p","14","14","1","12","10","14","28","17","0","7","22","14","16","15","25","29","8"
"mmu-miR-592-5p","55","50","21","55","23","35","35","37","0","20","38","39","46","44","34","71","22"
"mmu-miR-598-3p","182","151","43","579","239","320","414","48","0","0","109","135","109","110","139","181","96"
"mmu-miR-598-5p","0","3","1","0","2","0","2","0","0","0","0","0","0","0","0","0","2"
"mmu-miR-599","0","0","0","0","0","0","0","0","0","0","0","0","0","0","0","0","0"
"mmu-miR-615-3p","0","0","0","0","0","0","0","0","0","0","0","0","0","0","0","0","2"
"mmu-miR-615-5p","0","0","0","0","0","0","0","0","0","0","0","0","0","0","0","0","0"
"mmu-miR-6236","31","11","25","6","2","0","0","17","0","13","32","138","2","3","3","10","2"
"mmu-miR-6237","0","0","0","0","0","0","0","0","0","0","0","0","0","0","0","0","0"
"mmu-miR-6238","0","0","0","0","0","2","0","0","0","0","0","0","0","0","2","0","0"
"mmu-miR-6239","0","0","0","0","0","0","0","0","0","0","0","0","0","0","0","0","0"
"mmu-miR-6240","34","28","63","6","2","5","0","54","0","0","62","133","6","21","2","12","2"
"mmu-miR-6241","0","0","0","0","0","0","0","0","0","0","0","0","0","0","0","0","0"
"mmu-miR-6244","0","0","0","0","0","0","0","0","0","0","0","0","0","0","0","0","0"
"mmu-miR-6335","2","0","0","0","0","0","0","0","0","0","0","0","0","0","0","0","0"
"mmu-miR-6336","0","0","0","0","0","0","0","0","0","0","0","0","0","0","0","0","0"
"mmu-miR-6337","2","0","0","0","0","0","0","0","0","0","0","0","0","0","0","0","0"
"mmu-miR-6338","2","1","1","0","0","0","0","0","0","0","0","0","0","0","0","0","0"
"mmu-miR-6339","0","0","0","0","0","0","0","0","0","0","0","0","0","0","0","0","0"
"mmu-miR-6340","0","0","0","0","0","0","0","0","0","0","0","0","0","0","0","0","0"
"mmu-miR-6341","0","0","0","0","0","0","0","0","0","7","0","0","0","0","0","0","0"
"mmu-miR-6342","0","0","0","0","0","0","0","0","0","0","0","0","0","0","0","0","0"
"mmu-miR-6343","0","0","0","0","0","0","0","3","0","0","0","0","0","0","0","0","0"
"mmu-miR-6344","2","0","0","0","0","0","0","0","0","0","0","0","0","0","0","0","0"
"mmu-miR-6345","0","0","0","0","0","0","0","0","0","0","2","0","0","0","0","0","0"
"mmu-miR-6346","0","0","0","0","0","0","0","0","0","0","0","0","0","0","0","0","0"
"mmu-miR-6347","0","0","0","0","0","0","0","0","0","0","0","0","0","0","0","0","0"
"mmu-miR-6348","0","0","0","0","0","0","0","0","0","0","0","0","0","0","0","0","0"
"mmu-miR-6349","0","0","0","0","0","0","0","0","0","0","0","0","0","0","0","0","0"
"mmu-miR-6350","2","3","0","0","0","0","0","0","0","0","0","1","0","0","0","0","0"
"mmu-miR-6351","0","0","0","0","0","0","0","0","0","0","2","0","0","0","0","0","0"
"mmu-miR-6352","0","0","0","0","0","0","0","0","0","0","0","0","0","0","0","0","0"
"mmu-miR-6353","0","0","0","0","0","0","0","0","0","0","0","0","0","0","0","0","0"
"mmu-miR-6354","0","0","0","0","0","0","0","0","0","0","0","0","0","0","0","0","0"
"mmu-miR-6355","0","0","1","0","0","0","0","0","0","0","6","0","0","0","0","0","0"
"mmu-miR-6356","0","1","0","0","0","0","0","3","0","0","0","0","0","0","0","0","0"
"mmu-miR-6357","2","0","0","0","0","0","0","0","0","0","2","0","0","0","0","0","0"
"mmu-miR-6358","2","1","0","0","0","0","0","0","0","0","0","0","0","0","0","0","0"
"mmu-miR-6359","0","1","0","0","0","0","0","0","0","0","0","0","0","0","0","0","0"
"mmu-miR-6360","0","1","0","0","0","0","0","3","0","0","0","0","0","0","0","0","0"
"mmu-miR-6361","3","1","0","0","0","0","0","7","0","0","0","0","0","0","0","0","0"
"mmu-miR-6362","0","0","0","0","0","0","0","0","0","0","0","1","0","0","0","0","0"
"mmu-miR-6363","0","0","0","0","0","0","0","0","0","0","0","0","0","0","0","0","0"
"mmu-miR-6364","0","3","0","0","0","0","0","0","0","0","0","0","0","0","0","0","0"
"mmu-miR-6365","2","0","0","0","0","0","0","0","0","0","0","0","0","0","0","0","0"
"mmu-miR-6366","0","0","0","0","0","0","0","0","0","0","0","0","0","0","0","0","0"
"mmu-miR-6367","0","0","0","0","0","0","0","0","0","0","2","0","0","0","0","0","0"
"mmu-miR-6368","0","0","0","0","0","0","0","0","0","0","0","0","0","0","0","0","0"
"mmu-miR-6369","2","0","0","1","5","0","0","3","0","0","0","1","2","0","2","0","0"
"mmu-miR-6370","0","1","0","0","0","0","0","0","0","0","2","0","0","0","0","0","0"
"mmu-miR-6371","0","0","0","0","0","0","0","0","0","0","0","0","0","0","0","0","0"
"mmu-miR-6372","0","0","0","0","0","0","0","0","0","0","0","0","0","0","0","0","0"
"mmu-miR-6373","0","0","0","0","0","0","0","0","0","0","0","0","0","0","0","0","0"
"mmu-miR-6374","0","3","0","0","0","0","0","0","0","0","2","0","0","0","0","0","0"
"mmu-miR-6375","2","0","0","0","0","0","0","0","0","7","0","0","0","0","0","0","0"
"mmu-miR-6376","0","0","0","0","0","0","0","0","0","0","0","0","0","0","0","0","0"
"mmu-miR-6377","0","0","0","0","0","0","0","0","0","0","0","0","0","0","0","0","0"
"mmu-miR-6378","0","0","0","0","0","0","0","0","0","0","0","0","0","0","0","0","0"
"mmu-miR-6379","0","0","0","0","0","0","0","0","0","0","0","0","0","0","0","0","0"
"mmu-miR-6380","0","1","3","0","0","2","0","0","0","7","10","1","2","0","0","2","0"
"mmu-miR-6381","0","4","0","0","0","0","0","0","0","0","0","0","0","0","0","0","0"
"mmu-miR-6382","3","0","3","0","0","0","0","0","0","0","0","0","0","0","0","2","0"
"mmu-miR-6383","0","0","0","0","0","0","0","0","0","0","0","0","0","0","0","0","0"
"mmu-miR-6384","2","0","0","0","0","0","0","0","0","0","0","0","0","0","0","0","0"
"mmu-miR-6385","0","0","0","0","0","0","0","0","0","0","0","0","0","0","0","0","0"
"mmu-miR-6386","0","0","0","0","0","0","0","0","0","0","0","0","0","0","0","0","0"
"mmu-miR-6387","2","1","0","0","0","0","1","0","0","0","0","0","0","0","0","0","0"
"mmu-miR-6388","9","3","0","0","0","0","0","0","0","7","2","0","0","0","0","0","0"
"mmu-miR-6389","0","0","0","0","0","0","0","0","0","0","0","0","0","0","0","0","0"
"mmu-miR-6390","0","0","0","0","0","0","0","0","0","0","0","0","0","0","0","0","0"
"mmu-miR-6391","0","0","0","0","0","0","0","0","0","0","0","0","0","0","0","0","0"
"mmu-miR-6392-3p","0","0","0","0","0","0","0","0","0","0","0","0","0","0","0","0","0"
"mmu-miR-6392-5p","0","1","3","4","3","3","6","3","0","0","0","0","0","0","2","2","0"
"mmu-miR-6393","0","0","0","0","0","0","0","3","0","0","0","0","0","0","0","0","0"
"mmu-miR-6394","0","0","1","0","0","0","0","3","0","0","2","0","0","0","0","0","0"
"mmu-miR-6395","0","0","1","0","0","0","0","0","0","0","0","0","0","0","0","0","0"
"mmu-miR-6396","3","0","0","0","0","0","0","0","0","0","4","4","0","0","0","0","0"
"mmu-miR-6397","0","0","0","0","0","0","0","0","0","0","0","0","0","0","0","0","0"
"mmu-miR-6398","0","1","0","0","0","0","0","0","0","0","0","0","0","0","0","0","0"
"mmu-miR-6399","2","0","0","0","0","0","0","0","0","0","0","0","0","0","0","0","0"
"mmu-miR-6400","2","0","0","0","0","0","1","0","0","7","0","0","0","0","0","0","0"
"mmu-miR-6401","0","0","0","0","0","0","0","0","0","0","0","0","0","0","0","0","0"
"mmu-miR-6402","0","5","0","0","0","0","0","0","0","0","0","0","0","0","0","0","0"
"mmu-miR-6403","0","0","0","0","0","0","0","0","0","0","0","0","0","0","0","0","0"
"mmu-miR-6404","0","0","0","0","0","0","0","0","0","0","0","0","0","0","0","0","0"
"mmu-miR-6405","2","1","1","0","0","0","0","0","0","0","0","0","0","0","0","0","0"
"mmu-miR-6406","0","0","0","0","0","0","0","0","0","0","0","0","0","0","0","0","0"
"mmu-miR-6407","0","0","0","0","0","0","0","0","0","0","0","0","0","0","0","0","0"
"mmu-miR-6408","0","0","0","0","0","0","0","0","0","0","0","0","0","0","0","0","0"
"mmu-miR-6409","3","1","0","0","0","0","0","0","0","0","0","0","0","0","0","0","0"
"mmu-miR-6410","0","1","0","0","0","0","0","3","0","0","0","0","0","0","0","0","0"
"mmu-miR-6411","0","0","0","0","0","0","0","0","0","0","0","0","0","0","0","0","0"
"mmu-miR-6412","5","8","29","37","9","9","49","3","0","7","12","7","4","0","27","10","12"
"mmu-miR-6413","2","0","0","0","0","0","0","0","0","0","0","0","0","0","0","0","0"
"mmu-miR-6414","0","0","0","0","0","0","0","0","0","0","0","0","0","0","0","0","0"
"mmu-miR-6415","0","0","0","0","0","0","0","0","0","0","0","0","0","0","0","0","0"
"mmu-miR-6416-3p","2","0","0","0","0","0","0","0","0","0","0","0","0","0","0","0","0"
"mmu-miR-6416-5p","0","0","0","0","0","0","0","0","0","0","0","0","0","0","0","0","0"
"mmu-miR-6417","0","0","0","0","0","0","0","0","0","0","0","0","0","0","0","0","0"
"mmu-miR-6418-3p","2","0","4","2","0","0","1","0","0","0","0","0","2","0","2","2","0"
"mmu-miR-6418-5p","0","0","0","0","0","0","0","0","0","0","0","0","0","0","0","0","0"
"mmu-miR-6419","2","0","1","0","0","0","0","0","0","0","0","0","0","0","0","0","0"
"mmu-miR-6420","0","0","0","0","0","0","0","0","0","0","0","0","0","0","0","0","0"
"mmu-miR-6481","39","58","22","2","2","2","2","105","0","53","69","69","0","3","5","2","2"
"mmu-miR-6516-3p","0","0","1","0","0","0","0","0","0","0","0","4","0","3","2","0","0"
"mmu-miR-6516-5p","0","1","0","1","2","0","3","0","0","0","0","0","2","0","0","5","2"
"mmu-miR-652-3p","94","182","239","227","147","131","446","58","0","27","42","135","143","136","131","95","102"
"mmu-miR-652-5p","14","3","3","22","12","6","15","3","0","7","2","7","8","3","0","0","10"
"mmu-miR-653-3p","2","0","0","1","0","0","0","0","0","7","2","4","0","0","0","0","0"
"mmu-miR-653-5p","0","0","0","0","0","2","0","0","0","0","0","0","0","0","0","0","0"
"mmu-miR-6537-3p","0","1","1","2","0","0","2","0","0","0","2","0","0","3","5","5","4"
"mmu-miR-6537-5p","0","0","0","0","0","0","0","0","0","0","0","0","0","0","0","0","0"
"mmu-miR-6538","3","1","3","1","2","3","0","10","0","0","10","22","2","6","0","3","0"
"mmu-miR-6539","0","0","0","0","0","0","0","0","0","0","0","0","0","0","0","0","0"
"mmu-miR-654-3p","0","0","0","0","0","0","0","3","0","7","2","0","0","0","0","0","0"
"mmu-miR-654-5p","0","1","0","0","0","0","0","0","0","0","0","0","0","0","0","0","0"
"mmu-miR-6540-3p","9","28","12","26","12","14","28","0","0","0","6","9","2","6","12","5","8"
"mmu-miR-6540-5p","15","34","25","47","28","32","83","7","0","0","0","6","16","15","14","12","6"
"mmu-miR-6541","2","0","0","0","0","0","0","0","0","0","0","0","0","0","0","0","0"
"mmu-miR-6546-3p","0","0","0","1","0","0","1","0","0","0","0","1","0","0","2","0","2"
"mmu-miR-6546-5p","0","0","0","0","0","0","0","0","0","0","0","0","0","0","0","0","0"
"mmu-miR-664-3p","5","16","1","20","5","18","15","7","0","0","14","7","8","3","12","17","4"
"mmu-miR-664-5p","3","9","35","30","21","21","81","24","0","46","14","10","26","18","86","36","69"
"mmu-miR-665-3p","317","108","139","307","199","163","357","7","0","7","8","130","87","50","70","17","63"
"mmu-miR-665-5p","0","0","0","0","0","0","0","0","0","0","0","0","0","0","0","0","0"
"mmu-miR-666-3p","188","255","464","402","179","175","462","85","0","153","103","391","137","121","226","168","185"
"mmu-miR-666-5p","22","39","44","37","31","35","33","7","0","0","10","24","14","12","22","19","20"
"mmu-miR-667-3p","108","179","280","999","359","617","1074","58","0","66","69","100","351","246","856","426","490"
"mmu-miR-667-5p","2","8","7","15","2","8","16","0","0","0","2","1","0","6","2","8","8"
"mmu-miR-668-3p","45","53","97","170","69","126","169","14","127","13","14","46","52","38","115","54","47"
"mmu-miR-668-5p","3","14","6","1","0","0","5","0","0","0","4","1","2","0","6","0","0"
"mmu-miR-669a-3-3p","39","16","0","1","3","2","2","7","0","7","6","0","2","0","0","2","0"
"mmu-miR-669b-3p","26","9","0","2","0","0","1","3","0","20","4","3","0","0","0","2","0"
"mmu-miR-669b-5p","33","34","25","7","0","6","3","14","0","13","14","97","4","3","6","2","2"
"mmu-miR-669c-3p","122","36","6","5","0","2","1","14","0","40","56","1","2","0","3","3","2"
"mmu-miR-669c-5p","0","7","3","15","2","8","6","14","0","0","14","29","8","3","14","15","0"
"mmu-miR-669d-2-3p","0","0","0","0","0","0","0","0","0","0","0","0","0","0","0","0","0"
"mmu-miR-669d-3p","0","0","0","0","0","0","0","0","0","0","0","0","0","0","0","0","0"
"mmu-miR-669d-5p","84","101","46","25","19","30","17","37","0","13","18","110","12","3","17","29","24"
"mmu-miR-669e-3p","0","0","0","0","0","0","0","0","127","0","2","0","0","0","0","0","0"
"mmu-miR-669e-5p","19","22","4","5","3","5","5","20","0","7","18","22","6","9","2","8","6"
"mmu-miR-669f-3p","19","7","1","2","5","3","2","0","0","0","6","0","6","0","8","20","6"
"mmu-miR-669f-5p","46","29","15","11","7","6","8","7","0","7","18","26","4","3","8","10","4"
"mmu-miR-669g","2","0","0","1","0","0","0","0","0","0","0","0","0","0","0","0","0"
"mmu-miR-669h-3p","10","5","1","1","0","0","0","10","0","7","6","0","0","0","0","0","0"
"mmu-miR-669h-5p","3","1","4","2","2","0","2","3","0","0","8","3","0","0","0","0","2"
"mmu-miR-669i","15","9","1","1","0","0","0","0","0","13","12","6","0","0","0","0","0"
"mmu-miR-669j","0","0","0","0","0","0","0","0","0","0","2","0","0","0","0","0","0"
"mmu-miR-669k-3p","5","3","0","0","0","0","0","0","0","0","2","0","0","0","0","0","0"
"mmu-miR-669k-5p","2","5","1","4","5","2","2","0","0","0","12","4","0","0","0","0","0"
"mmu-miR-669l-3p","2","0","0","0","0","0","0","0","0","0","0","0","0","0","0","0","0"
"mmu-miR-669l-5p","24","41","18","11","7","17","7","17","0","0","20","76","0","0","9","10","6"
"mmu-miR-669m-3p","2","0","0","0","0","0","0","0","0","7","0","0","0","0","0","0","0"
"mmu-miR-669m-5p__mmu-miR-466m-5p","9","1","0","0","0","0","0","0","0","0","0","0","0","0","2","0","0"
"mmu-miR-669n","0","1","0","0","0","0","0","0","0","0","2","0","0","0","0","0","0"
"mmu-miR-669o-3p__mmu-miR-669a-3p","67","28","10","21","9","17","26","48","0","7","40","30","4","12","8","44","16"
"mmu-miR-669o-5p","31","41","31","29","5","12","21","24","0","7","40","53","2","3","14","8","8"
"mmu-miR-669p-3p","34","8","3","1","0","0","0","0","0","13","8","1","0","9","0","0","0"
"mmu-miR-669p-5p__mmu-miR-669a-5p","134","225","87","57","19","47","56","112","0","27","71","321","22","18","50","66","39"
"mmu-miR-670-3p","84","33","7","59","40","34","38","24","0","33","34","50","24","18","12","25","8"
"mmu-miR-670-5p","29","30","27","56","28","27","43","48","0","40","40","46","24","30","9","32","18"
"mmu-miR-671-3p","0","5","6","14","9","8","21","0","0","0","0","11","12","0","8","2","4"
"mmu-miR-671-5p","93","78","72","66","52","27","58","20","0","40","16","166","18","12","28","17","14"
"mmu-miR-6715-3p","0","1","0","0","0","0","0","0","0","0","2","1","0","0","0","0","2"
"mmu-miR-6715-5p","3","0","0","0","0","0","0","0","0","0","6","0","0","0","0","0","0"
"mmu-miR-672-3p","14","9","0","17","7","8","19","7","0","7","2","6","14","6","8","3","6"
"mmu-miR-672-5p","526","2536","2248","4504","2600","3004","8333","289","254","604","270","738","857","669","1380","897","587"
"mmu-miR-673-3p","9","5","24","21","12","12","28","0","0","0","0","3","10","9","14","5","16"
"mmu-miR-673-5p","36","34","60","185","95","98","313","7","0","27","20","42","93","47","118","78","83"
"mmu-miR-674-3p","43","58","66","80","24","43","109","48","0","13","73","49","38","27","41","41","26"
"mmu-miR-674-5p","152","243","254","230","108","128","204","313","127","186","326","463","242","237","206","168","254"
"mmu-miR-675-3p","0","0","0","0","0","0","0","0","0","0","0","0","0","0","0","0","0"
"mmu-miR-675-5p","0","0","0","0","0","0","0","0","0","0","0","0","0","0","0","0","0"
"mmu-miR-676-3p","5","53","41","156","57","93","348","14","0","33","34","50","44","24","114","54","81"
"mmu-miR-676-5p","0","7","3","14","5","6","22","3","0","0","2","3","0","3","9","3","2"
"mmu-miR-6769b-3p","0","1","0","1","0","2","1","0","0","0","0","1","4","0","2","2","0"
"mmu-miR-6769b-5p","0","0","0","0","0","2","0","0","0","0","0","0","0","0","2","0","0"
"mmu-miR-677-3p","3","4","7","0","0","0","1","0","0","0","0","3","0","0","0","2","0"
"mmu-miR-677-5p","3","1","0","4","0","3","2","3","0","0","8","3","0","0","2","2","0"
"mmu-miR-678","0","0","0","0","0","0","0","0","0","0","0","0","0","0","0","0","0"
"mmu-miR-679-3p","0","0","0","0","0","5","1","0","0","0","2","3","0","0","0","0","0"
"mmu-miR-679-5p","14","7","9","5","2","3","13","14","0","0","2","22","2","6","3","3","0"
"mmu-miR-680","9","4","0","0","2","2","0","0","0","7","2","0","0","0","0","0","0"
"mmu-miR-681","0","0","0","0","0","0","0","0","0","0","0","0","0","0","0","0","0"
"mmu-miR-682","2","4","0","0","0","0","0","0","0","0","0","0","0","0","0","0","0"
"mmu-miR-683","3","0","0","0","0","0","0","0","0","0","0","0","0","0","0","0","0"
"mmu-miR-684","0","0","0","0","0","0","0","3","0","0","2","0","0","0","0","0","0"
"mmu-miR-686","0","0","0","0","0","0","0","0","0","0","0","0","0","0","0","0","0"
"mmu-miR-687","0","1","0","0","0","0","0","0","0","0","0","0","0","0","0","0","0"
"mmu-miR-688","0","0","0","0","0","0","0","0","0","0","0","0","0","0","0","0","0"
"mmu-miR-6896-3p","0","4","0","0","0","0","0","0","0","0","0","0","0","0","0","0","0"
"mmu-miR-6896-5p","0","0","0","0","0","0","0","0","0","0","0","0","0","0","0","0","0"
"mmu-miR-6897-3p","0","0","0","0","0","0","0","0","0","0","0","0","0","0","0","0","0"
"mmu-miR-6897-5p","0","0","0","0","0","0","0","0","0","0","0","1","0","0","0","0","0"
"mmu-miR-6898-3p","0","0","0","0","0","0","0","0","0","0","0","0","0","0","0","0","0"
"mmu-miR-6898-5p","2","0","0","0","0","0","1","0","0","0","0","0","0","0","2","0","2"
"mmu-miR-6899-3p","0","0","0","0","0","0","2","0","0","0","2","0","0","0","0","0","0"
"mmu-miR-6899-5p","0","0","0","0","0","0","0","0","0","0","0","0","0","0","0","0","0"
"mmu-miR-690","33","36","27","7","7","8","27","58","0","7","52","37","4","6","14","27","6"
"mmu-miR-6900-3p","3","7","1","4","2","0","2","0","0","0","0","0","0","0","2","0","0"
"mmu-miR-6900-5p","3","0","1","0","0","0","1","3","0","0","2","3","0","0","2","0","0"
"mmu-miR-6901-3p","0","0","0","0","0","0","0","3","0","0","0","0","0","0","0","0","0"
"mmu-miR-6901-5p","0","0","0","0","0","0","0","0","0","0","0","0","0","0","0","0","0"
"mmu-miR-6902-3p","0","0","0","0","0","2","0","0","0","0","0","0","0","0","2","2","2"
"mmu-miR-6902-5p","0","0","0","0","0","0","0","0","0","0","2","0","0","3","0","0","0"
"mmu-miR-6903-3p","3","4","4","0","2","3","10","0","0","0","0","0","2","0","2","0","0"
"mmu-miR-6903-5p","3","4","3","0","2","0","7","0","0","0","4","1","2","0","0","3","2"
"mmu-miR-6904-3p","0","0","0","0","0","0","0","0","0","0","0","0","0","0","0","0","0"
"mmu-miR-6904-5p","0","1","0","0","0","0","1","0","0","0","0","0","0","0","0","0","0"
"mmu-miR-6905-3p","0","0","0","0","0","0","0","0","0","0","0","0","0","3","0","0","0"
"mmu-miR-6905-5p","2","0","0","0","0","0","0","0","0","0","0","0","0","0","0","0","0"
"mmu-miR-6906-3p","0","0","1","1","0","2","2","0","0","0","0","0","2","0","0","0","0"
"mmu-miR-6906-5p","2","0","0","0","0","0","0","0","0","0","4","1","0","0","0","0","0"
"mmu-miR-6907-3p","0","3","0","2","0","2","1","0","0","0","0","1","0","0","2","2","2"
"mmu-miR-6907-5p","0","0","0","0","0","0","0","0","0","0","2","0","0","0","0","0","0"
"mmu-miR-6908-3p","0","0","0","0","0","0","2","0","0","7","0","3","0","0","0","2","0"
"mmu-miR-6908-5p","0","0","0","0","0","0","0","0","0","0","0","0","0","0","0","0","2"
"mmu-miR-6909-3p","0","0","0","0","0","0","0","0","0","0","0","0","0","0","0","0","0"
"mmu-miR-6909-5p","0","0","0","0","0","0","0","0","0","13","0","0","0","0","0","0","0"
"mmu-miR-691","12","3","0","0","0","0","0","0","0","0","0","0","0","0","0","0","0"
"mmu-miR-6910-3p","0","0","0","0","0","0","2","0","0","0","0","0","0","0","0","0","0"
"mmu-miR-6910-5p","2","1","0","0","2","0","0","0","0","0","0","1","0","0","0","0","0"
"mmu-miR-6911-3p","2","1","0","1","0","0","0","0","0","0","4","0","0","0","0","0","0"
"mmu-miR-6911-5p","0","0","0","0","0","0","0","0","0","0","0","0","0","0","0","0","0"
"mmu-miR-6912-3p","0","0","0","0","0","0","0","0","0","0","0","0","0","0","0","2","0"
"mmu-miR-6912-5p","2","0","0","0","0","2","0","0","0","0","0","0","0","0","2","0","0"
"mmu-miR-6913-3p","3","3","6","0","0","3","10","3","0","0","8","1","2","0","6","0","2"
"mmu-miR-6913-5p","0","0","0","2","3","2","5","0","0","0","0","0","2","0","5","2","4"
"mmu-miR-6914-3p","0","0","0","0","0","0","0","0","0","0","0","0","0","0","0","0","0"
"mmu-miR-6914-5p","2","4","0","1","0","0","0","0","381","0","2","0","0","0","0","0","0"
"mmu-miR-6915-3p","0","0","0","2","3","0","2","0","0","0","0","0","2","0","0","0","2"
"mmu-miR-6915-5p","2","0","0","0","0","0","0","0","0","0","0","0","0","0","2","0","0"
"mmu-miR-6916-3p","2","0","0","1","0","0","0","0","0","0","0","0","0","0","0","0","0"
"mmu-miR-6916-5p","0","1","0","0","0","0","0","0","0","0","0","0","0","0","2","0","0"
"mmu-miR-6917-3p","0","1","0","0","0","0","0","0","0","0","4","1","0","0","0","0","0"
"mmu-miR-6917-5p","0","0","0","0","0","0","0","0","0","0","0","0","0","0","0","0","0"
"mmu-miR-6918-3p","5","1","0","1","0","0","0","0","0","0","2","0","0","3","0","0","0"
"mmu-miR-6918-5p","0","0","1","0","0","0","0","0","0","0","0","0","0","0","2","2","0"
"mmu-miR-6919-3p","3","3","0","0","0","0","0","0","0","0","0","0","0","0","0","0","0"
"mmu-miR-6919-5p","2","0","0","0","0","0","1","0","0","0","0","0","0","0","0","0","0"
"mmu-miR-692","0","0","0","1","0","0","0","0","0","0","0","0","0","0","0","0","0"
"mmu-miR-6920-3p","0","0","0","0","0","0","0","3","0","0","0","0","0","0","0","0","0"
"mmu-miR-6920-5p","2","0","1","1","0","0","0","0","0","0","0","0","0","0","0","0","0"
"mmu-miR-6921-3p","2","0","0","0","0","0","0","0","0","0","0","0","0","0","0","0","0"
"mmu-miR-6921-5p","0","0","0","0","0","0","0","0","0","0","0","0","0","0","0","0","0"
"mmu-miR-6922-3p","0","0","0","0","0","0","0","0","0","0","0","0","0","0","0","0","0"
"mmu-miR-6922-5p","0","0","0","0","0","0","0","0","0","7","0","0","0","0","0","0","0"
"mmu-miR-6923-3p","2","1","0","0","0","0","0","0","0","0","2","0","0","0","0","0","0"
"mmu-miR-6923-5p","7","0","1","1","0","0","0","0","0","0","2","0","0","0","0","0","0"
"mmu-miR-6924-3p","0","0","0","0","0","0","0","3","0","0","0","0","0","0","0","0","0"
"mmu-miR-6924-5p","0","0","0","0","0","0","0","0","0","0","0","0","0","0","0","0","0"
"mmu-miR-6925-3p","2","0","0","0","0","0","0","0","0","0","0","0","0","0","2","0","2"
"mmu-miR-6925-5p","0","0","0","0","0","0","0","0","0","7","4","0","0","0","0","0","0"
"mmu-miR-6926-3p","5","0","0","1","0","0","0","3","0","0","4","1","0","3","0","2","2"
"mmu-miR-6926-5p","0","3","1","1","0","0","0","0","0","0","0","0","0","3","0","0","0"
"mmu-miR-6927-3p","0","0","1","1","0","0","0","0","0","0","0","0","0","0","0","0","0"
"mmu-miR-6927-5p","0","3","0","0","0","0","0","0","0","7","0","0","0","0","0","0","0"
"mmu-miR-6928-3p","2","0","0","0","0","3","0","0","0","0","0","0","2","0","0","0","0"
"mmu-miR-6928-5p","3","0","0","0","0","0","0","3","0","0","0","0","0","0","0","0","0"
"mmu-miR-6929-3p","3","0","0","0","0","0","0","0","0","0","2","0","0","0","0","0","2"
"mmu-miR-6929-5p","0","0","0","1","0","0","0","3","0","0","2","0","0","0","0","0","0"
"mmu-miR-693-3p","2","1","0","0","0","0","0","0","0","0","0","0","0","0","2","0","0"
"mmu-miR-693-5p","0","0","0","0","0","0","0","0","0","0","0","0","0","0","0","0","0"
"mmu-miR-6930-3p","0","0","0","0","0","0","0","0","0","0","0","0","0","0","0","0","0"
"mmu-miR-6930-5p","0","0","0","0","0","0","0","0","0","0","0","0","0","0","0","0","0"
"mmu-miR-6931-3p","0","0","1","1","0","0","0","0","0","0","0","1","0","0","0","0","0"
"mmu-miR-6931-5p","0","1","0","0","0","0","1","0","0","0","2","0","0","0","0","0","0"
"mmu-miR-6932-3p","2","0","0","0","0","0","0","0","0","0","0","1","0","0","0","0","0"
"mmu-miR-6932-5p","0","0","1","0","0","0","1","0","0","0","0","0","0","3","0","0","0"
"mmu-miR-6933-3p","0","1","0","0","0","0","0","0","0","0","0","0","0","0","0","0","0"
"mmu-miR-6933-5p","0","0","0","0","0","0","0","0","0","0","0","0","0","0","0","0","0"
"mmu-miR-6934-3p","2","0","0","1","0","2","0","0","0","0","2","0","0","0","0","0","2"
"mmu-miR-6934-5p","0","3","1","0","0","5","3","7","0","0","2","1","6","6","0","2","2"
"mmu-miR-6935-3p","2","0","3","5","0","2","9","0","0","0","0","0","0","0","3","3","2"
"mmu-miR-6935-5p","0","0","0","0","0","2","0","0","0","0","2","1","2","0","0","0","0"
"mmu-miR-6936-3p","0","0","1","0","2","0","1","0","0","0","0","0","0","0","0","2","0"
"mmu-miR-6936-5p","0","0","0","0","0","0","0","0","0","0","0","1","0","0","3","0","0"
"mmu-miR-6937-3p","0","0","0","0","0","0","0","0","0","0","2","0","0","0","0","0","0"
"mmu-miR-6937-5p","0","0","0","0","0","0","0","0","0","0","0","0","0","0","2","0","0"
"mmu-miR-6938-3p","7","0","0","0","0","0","0","0","0","0","0","0","0","0","0","0","0"
"mmu-miR-6938-5p","0","0","0","0","0","0","0","0","0","0","0","0","0","0","0","0","0"
"mmu-miR-6939-3p","2","0","1","9","2","5","9","0","0","0","6","1","4","3","3","2","0"
"mmu-miR-6939-5p","2","0","0","1","0","0","0","0","0","0","0","0","0","0","0","0","0"
"mmu-miR-694","0","3","1","1","2","0","5","0","0","0","2","0","0","0","0","0","0"
"mmu-miR-6940-3p","2","0","3","4","2","3","3","0","0","0","4","1","6","3","5","5","2"
"mmu-miR-6940-5p","0","0","0","0","0","0","0","0","0","0","0","0","0","0","0","0","0"
"mmu-miR-6941-3p","0","4","4","2","2","0","6","0","0","0","0","1","2","3","0","0","0"
"mmu-miR-6941-5p","2","3","0","0","0","0","2","0","0","0","0","1","2","0","8","0","2"
"mmu-miR-6942-3p","0","0","1","0","0","0","0","0","0","0","0","0","0","0","0","0","0"
"mmu-miR-6942-5p","0","0","0","0","0","0","0","0","0","0","0","0","0","0","2","0","0"
"mmu-miR-6943-3p","0","0","0","0","0","3","0","0","0","0","0","0","0","0","0","0","0"
"mmu-miR-6943-5p","0","0","0","0","2","0","0","0","0","0","0","0","0","0","0","0","0"
"mmu-miR-6944-3p","27","50","62","227","69","271","331","14","127","20","44","32","50","59","200","156","138"
"mmu-miR-6944-5p","2","0","1","0","0","0","2","3","0","7","4","0","0","0","0","0","0"
"mmu-miR-6945-3p","0","0","3","1","0","0","0","0","0","0","0","0","0","0","0","2","0"
"mmu-miR-6945-5p","0","3","0","0","2","2","1","0","0","0","0","0","0","0","0","0","0"
"mmu-miR-6946-3p","0","0","1","0","0","0","0","0","0","0","0","0","0","0","2","0","0"
"mmu-miR-6946-5p","2","0","0","0","2","0","2","0","0","0","0","0","0","0","0","0","0"
"mmu-miR-6947-3p","0","0","1","0","0","0","0","0","0","0","0","0","0","0","0","0","0"
"mmu-miR-6947-5p","0","0","0","1","2","0","2","0","0","0","0","0","0","0","0","3","0"
"mmu-miR-6948-3p","0","0","0","0","0","0","0","0","0","0","0","1","0","0","0","2","0"
"mmu-miR-6948-5p","2","1","1","1","0","0","0","0","0","0","0","0","0","0","0","0","2"
"mmu-miR-6949-3p","0","0","0","0","0","0","0","0","0","0","0","0","0","0","0","0","0"
"mmu-miR-6949-5p","0","0","0","0","0","0","0","0","0","0","0","0","0","0","0","0","0"
"mmu-miR-695","0","0","0","0","0","0","0","0","0","0","0","0","0","0","0","0","0"
"mmu-miR-6950-3p","0","0","0","0","0","0","0","0","0","0","0","0","0","0","0","0","0"
"mmu-miR-6950-5p","0","1","0","0","0","0","0","0","0","0","0","0","0","0","0","0","0"
"mmu-miR-6951-3p","0","0","0","0","0","0","0","0","0","0","2","0","0","0","0","0","0"
"mmu-miR-6951-5p","0","1","0","2","2","0","5","0","0","0","0","0","2","0","2","2","0"
"mmu-miR-6952-3p","21","1","4","0","0","0","1","0","0","0","12","0","0","0","0","0","0"
"mmu-miR-6952-5p","0","0","0","0","0","0","0","0","0","0","0","0","0","0","0","0","0"
"mmu-miR-6953-3p","0","0","1","5","0","3","1","0","0","0","0","1","2","3","8","0","4"
"mmu-miR-6953-5p","5","1","1","1","0","0","0","3","0","0","6","1","0","3","0","0","0"
"mmu-miR-6954-3p","2","1","0","0","0","0","0","0","0","0","0","0","0","0","0","0","0"
"mmu-miR-6954-5p","2","0","0","0","0","0","0","0","0","0","0","0","0","0","0","0","0"
"mmu-miR-6955-3p","0","1","0","0","0","0","1","0","0","0","2","0","0","0","0","0","0"
"mmu-miR-6955-5p","0","0","0","0","0","2","0","0","0","13","0","0","0","0","2","0","0"
"mmu-miR-6956-3p","0","0","0","1","0","0","1","0","0","0","0","0","0","0","0","0","0"
"mmu-miR-6956-5p","2","0","0","0","0","0","0","0","0","0","0","0","0","0","0","0","0"
"mmu-miR-6957-3p","0","0","0","0","0","0","0","0","0","0","0","1","0","0","0","0","0"
"mmu-miR-6957-5p","0","1","0","0","0","0","0","0","0","0","0","0","0","0","0","0","0"
"mmu-miR-6958-3p","10","13","22","61","31","29","65","7","0","13","12","10","12","9","27","37","6"
"mmu-miR-6958-5p","2","0","1","0","2","2","1","0","0","0","0","1","2","0","3","0","0"
"mmu-miR-6959-3p","0","0","1","0","0","0","1","0","0","0","0","0","0","0","0","2","0"
"mmu-miR-6959-5p","0","0","1","4","0","0","1","0","0","0","0","0","0","0","0","2","0"
"mmu-miR-696","2","0","0","0","0","0","0","0","0","0","0","0","0","0","0","0","0"
"mmu-miR-6960-3p","0","0","0","0","0","0","0","3","0","0","0","0","0","0","0","0","0"
"mmu-miR-6960-5p","0","0","0","0","0","0","0","0","0","0","0","0","0","0","0","0","0"
"mmu-miR-6961-3p","0","0","0","0","0","0","0","0","0","0","2","0","0","0","0","0","0"
"mmu-miR-6961-5p","0","1","0","0","0","0","0","0","0","0","0","0","0","0","0","0","0"
"mmu-miR-6962-3p","0","0","0","0","0","0","0","0","0","0","0","0","0","0","0","0","0"
"mmu-miR-6962-5p","0","0","0","0","0","0","0","0","0","0","0","0","0","0","0","0","0"
"mmu-miR-6963-3p","5","1","0","1","0","0","0","0","0","0","0","1","0","0","0","0","0"
"mmu-miR-6963-5p","0","0","0","0","0","0","0","0","0","0","0","0","0","0","0","0","0"
"mmu-miR-6964-3p","0","0","0","0","0","0","0","0","0","0","0","0","0","0","0","0","0"
"mmu-miR-6964-5p","0","0","1","0","0","0","0","0","0","0","0","0","0","0","0","0","2"
"mmu-miR-6965-3p","0","0","0","0","2","0","0","0","0","0","0","0","0","0","0","2","0"
"mmu-miR-6965-5p","0","0","0","0","0","0","0","0","0","0","0","0","0","0","0","0","0"
"mmu-miR-6966-3p","2","3","3","1","0","0","3","0","0","7","0","1","2","3","3","0","0"
"mmu-miR-6966-5p","0","0","0","0","0","0","0","0","0","0","0","0","0","0","2","0","0"
"mmu-miR-6967-3p","0","3","0","0","0","0","0","0","0","0","0","0","0","3","0","0","0"
"mmu-miR-6967-5p","0","0","0","1","0","0","1","0","0","0","0","0","0","0","0","2","0"
"mmu-miR-6968-3p","0","0","0","0","0","0","1","0","0","0","0","1","0","0","0","0","2"
"mmu-miR-6968-5p","0","0","0","0","0","0","0","0","0","0","2","0","0","0","0","0","0"
"mmu-miR-6969-3p","0","1","0","0","0","0","0","0","0","0","0","0","0","0","0","0","0"
"mmu-miR-6969-5p","0","0","0","0","0","0","0","0","0","0","0","0","0","0","0","0","0"
"mmu-miR-697","0","0","0","0","0","0","0","0","0","0","2","0","0","0","0","0","0"
"mmu-miR-6970-3p","0","0","9","10","3","6","26","7","0","0","4","1","2","0","12","5","12"
"mmu-miR-6970-5p","0","1","1","7","5","3","10","0","0","0","0","0","2","3","2","7","4"
"mmu-miR-6971-3p","2","0","0","0","0","0","1","0","0","0","0","0","0","0","0","0","0"
"mmu-miR-6971-5p","0","0","0","0","0","0","0","0","0","0","0","0","0","0","0","0","0"
"mmu-miR-6972-3p","2","0","0","0","0","0","0","0","0","0","0","0","0","0","0","0","0"
"mmu-miR-6972-5p","2","3","0","0","0","0","0","0","0","0","0","0","0","0","0","0","0"
"mmu-miR-6973a-3p","0","0","0","0","0","0","0","0","0","0","0","0","0","0","0","0","0"
"mmu-miR-6973a-5p","0","0","0","0","0","0","0","0","0","0","0","0","0","0","0","0","0"
"mmu-miR-6973b-3p","0","1","3","1","2","0","1","0","0","0","0","0","0","0","2","2","2"
"mmu-miR-6973b-5p","2","0","0","0","0","0","0","0","0","0","0","0","0","0","0","0","0"
"mmu-miR-6974-3p","2","0","0","1","0","0","0","0","0","0","0","0","0","0","0","0","0"
"mmu-miR-6974-5p","2","0","0","0","0","0","0","0","0","0","2","0","0","0","0","0","0"
"mmu-miR-6975-3p","0","5","1","4","2","2","3","0","0","0","4","3","0","0","5","2","0"
"mmu-miR-6975-5p","0","0","0","0","0","0","0","0","0","0","0","0","0","0","0","0","0"
"mmu-miR-6976-3p","2","0","0","0","2","0","0","0","0","0","0","0","0","0","0","0","0"
"mmu-miR-6976-5p","0","0","1","1","0","0","0","0","0","0","0","1","0","0","0","0","0"
"mmu-miR-6977-3p","2","0","3","5","0","0","1","3","0","0","4","0","0","0","2","0","0"
"mmu-miR-6977-5p","0","0","0","0","0","0","0","0","0","0","0","0","0","0","0","0","0"
"mmu-miR-6978-3p","0","0","1","0","0","0","0","0","0","0","0","0","0","0","0","0","0"
"mmu-miR-6978-5p","2","0","1","0","0","0","0","0","0","0","0","0","0","0","0","0","0"
"mmu-miR-6979-3p","3","0","3","1","0","0","1","0","0","0","0","3","2","0","0","0","0"
"mmu-miR-6979-5p","0","0","0","0","0","0","0","0","0","0","0","0","0","0","0","0","0"
"mmu-miR-698-3p","0","0","0","0","0","0","0","0","0","0","0","0","0","0","0","0","0"
"mmu-miR-698-5p","0","0","0","0","0","0","0","0","0","0","0","0","0","0","0","0","0"
"mmu-miR-6980-3p","0","0","1","0","0","0","0","0","0","0","0","0","0","0","0","0","0"
"mmu-miR-6980-5p","0","0","0","1","0","0","0","0","0","0","0","0","0","0","0","0","0"
"mmu-miR-6981-3p","0","1","0","0","0","0","0","0","0","0","0","0","0","0","0","0","0"
"mmu-miR-6981-5p","7","1","0","0","0","0","0","0","0","0","0","0","0","0","0","0","0"
"mmu-miR-6982-3p","0","0","0","0","0","0","0","0","0","0","0","0","0","0","0","0","0"
"mmu-miR-6982-5p","0","0","0","0","0","0","0","0","0","0","0","0","0","0","0","0","0"
"mmu-miR-6983-3p","0","0","0","0","0","0","0","0","0","0","0","0","0","0","0","0","0"
"mmu-miR-6983-5p","0","0","0","1","0","0","0","0","0","0","0","0","0","0","0","0","0"
"mmu-miR-6984-3p","2","0","0","0","0","0","0","0","0","0","0","0","0","0","0","0","0"
"mmu-miR-6984-5p","2","0","0","2","0","0","0","3","0","0","0","0","0","0","0","2","2"
"mmu-miR-6985-3p","2","0","1","1","0","0","0","0","0","0","2","0","0","0","0","0","0"
"mmu-miR-6985-5p","7","0","0","0","0","0","0","3","0","7","2","0","0","0","0","0","0"
"mmu-miR-6986-3p","2","0","0","1","0","0","0","0","0","0","0","0","0","0","0","2","0"
"mmu-miR-6986-5p","0","1","3","4","2","2","2","0","0","0","2","3","2","0","8","2","4"
"mmu-miR-6987-3p","0","0","1","2","0","0","0","0","0","0","0","0","0","0","2","0","0"
"mmu-miR-6987-5p","0","0","0","0","0","2","0","0","0","0","0","0","2","0","5","0","0"
"mmu-miR-6988-3p","2","0","0","4","0","0","0","3","0","0","4","0","0","0","0","0","0"
"mmu-miR-6988-5p","2","0","0","0","0","0","0","0","0","7","0","0","0","0","0","0","0"
"mmu-miR-6989-3p","2","4","3","0","0","0","2","3","0","0","6","1","0","0","2","0","0"
"mmu-miR-6989-5p","2","1","1","0","0","0","0","0","0","7","2","0","0","0","0","0","0"
"mmu-miR-6990-3p","2","0","0","0","0","0","0","0","0","0","0","0","0","0","0","0","0"
"mmu-miR-6990-5p","2","0","4","0","3","3","0","0","0","0","2","6","0","3","0","3","2"
"mmu-miR-6991-3p","3","0","0","1","0","0","0","0","0","0","2","0","0","0","0","2","0"
"mmu-miR-6991-5p","0","3","1","1","0","2","1","0","0","0","0","0","2","0","0","0","0"
"mmu-miR-6992-3p","0","0","0","0","0","0","0","0","0","0","0","0","0","0","0","0","0"
"mmu-miR-6992-5p","0","0","1","0","0","0","0","0","0","0","6","1","0","0","0","0","0"
"mmu-miR-6993-3p","0","0","0","0","0","0","0","0","0","0","0","0","0","0","0","0","0"
"mmu-miR-6993-5p","0","0","0","0","0","0","1","0","0","7","0","0","0","0","0","0","0"
"mmu-miR-6994-3p","2","0","0","0","0","0","0","0","0","0","0","0","0","0","0","0","0"
"mmu-miR-6994-5p","0","0","1","1","2","0","5","0","0","0","2","0","2","3","2","2","4"
"mmu-miR-6995-3p","0","0","0","0","0","0","0","0","0","0","0","0","0","0","0","0","0"
"mmu-miR-6995-5p","2","0","0","0","0","0","0","0","0","0","0","0","0","0","0","0","0"
"mmu-miR-6996-3p","2","0","0","0","0","0","0","0","0","0","0","0","0","0","0","0","0"
"mmu-miR-6996-5p","7","0","0","0","0","0","0","0","0","0","2","0","0","0","0","0","0"
"mmu-miR-6997-3p","0","0","1","2","3","0","5","0","0","0","4","0","2","0","0","0","0"
"mmu-miR-6997-5p","2","0","3","2","3","5","3","0","0","0","4","0","2","3","5","5","2"
"mmu-miR-6998-3p","2","0","1","0","0","0","1","0","0","0","2","0","0","0","0","0","0"
"mmu-miR-6998-5p","3","1","0","1","0","2","0","0","0","0","0","0","0","0","0","3","0"
"mmu-miR-6999-3p","0","0","0","0","0","0","0","0","0","0","0","0","0","0","0","0","0"
"mmu-miR-6999-5p","0","1","0","0","0","0","1","0","0","0","0","0","0","0","0","0","0"
"mmu-miR-700-3p","17","9","29","76","23","35","107","14","0","0","30","30","40","30","62","90","53"
"mmu-miR-700-5p","15","1","3","16","5","14","15","7","0","0","4","11","0","9","9","12","4"
"mmu-miR-7000-3p","0","0","0","1","0","0","1","3","0","0","0","0","0","0","0","0","2"
"mmu-miR-7000-5p","0","0","0","0","0","0","0","0","0","0","0","0","0","0","0","0","2"
"mmu-miR-7001-3p","0","1","0","0","0","0","0","0","0","0","0","0","0","0","0","0","0"
"mmu-miR-7001-5p","0","0","0","0","0","0","0","0","0","0","0","0","0","0","0","0","0"
"mmu-miR-7002-3p","0","0","0","0","0","0","0","0","0","0","0","0","0","0","0","0","0"
"mmu-miR-7002-5p","0","0","0","0","0","0","0","0","0","0","0","0","0","0","0","0","0"
"mmu-miR-7003-3p","0","0","0","0","0","0","0","0","0","0","0","0","0","0","0","0","0"
"mmu-miR-7003-5p","0","1","0","0","0","0","0","0","0","0","0","0","0","0","0","0","0"
"mmu-miR-7004-3p","0","0","0","0","0","2","0","0","0","0","0","0","0","0","0","0","0"
"mmu-miR-7004-5p","2","0","0","0","0","0","0","0","0","0","0","1","0","0","2","0","0"
"mmu-miR-7005-3p","2","3","0","0","0","0","0","0","0","0","0","0","0","0","0","0","0"
"mmu-miR-7005-5p","2","0","0","0","0","0","0","0","0","0","0","0","0","0","0","0","0"
"mmu-miR-7006-3p","0","0","0","0","0","0","0","0","0","0","0","0","0","0","0","0","0"
"mmu-miR-7006-5p","0","0","0","0","0","0","0","0","0","0","0","0","0","0","0","0","0"
"mmu-miR-7007-3p","0","0","0","0","0","0","0","0","0","0","0","0","0","0","0","0","0"
"mmu-miR-7007-5p","2","0","0","0","0","0","0","0","0","0","0","0","0","0","0","0","0"
"mmu-miR-7008-3p","0","0","1","1","0","0","0","0","0","0","0","0","0","0","2","0","0"
"mmu-miR-7008-5p","0","0","0","0","0","0","0","0","0","0","0","1","0","0","0","0","0"
"mmu-miR-7009-3p","0","0","0","0","0","0","0","0","0","0","0","0","0","0","0","0","0"
"mmu-miR-7009-5p","0","0","0","0","0","0","0","0","0","0","0","0","0","0","0","0","0"
"mmu-miR-701-3p","3","5","4","1","3","5","7","0","0","0","2","4","4","0","2","3","2"
"mmu-miR-701-5p","10","38","13","12","14","0","21","14","0","20","6","32","2","3","8","0","2"
"mmu-miR-7010-3p","0","1","3","1","2","0","1","0","0","0","0","0","0","0","0","5","0"
"mmu-miR-7010-5p","0","3","0","2","2","3","5","7","0","0","0","0","0","0","3","0","2"
"mmu-miR-7011-3p","3","0","0","0","0","0","0","0","0","0","0","0","0","0","0","0","0"
"mmu-miR-7011-5p","2","0","0","1","0","0","0","0","0","0","0","0","0","0","0","0","0"
"mmu-miR-7012-3p","3","0","0","0","0","0","0","0","0","7","0","0","0","0","0","0","0"
"mmu-miR-7012-5p","2","0","0","0","0","0","0","0","0","0","0","1","0","0","0","0","0"
"mmu-miR-7013-3p","5","5","1","0","2","2","5","3","508","13","0","0","0","9","0","2","0"
"mmu-miR-7013-5p","0","1","0","2","2","5","0","0","0","0","0","0","0","3","3","0","0"
"mmu-miR-7014-3p","0","0","0","1","0","0","0","0","0","0","0","0","0","0","0","0","0"
"mmu-miR-7014-5p","0","0","1","0","0","0","0","0","0","0","2","0","0","0","0","0","0"
"mmu-miR-7015-3p","2","3","3","0","0","0","0","0","0","0","2","3","2","0","3","0","0"
"mmu-miR-7015-5p","0","0","0","0","0","0","0","0","0","0","0","0","0","0","0","0","0"
"mmu-miR-7016-3p","2","3","0","1","0","2","0","0","0","0","0","0","0","0","2","0","0"
"mmu-miR-7016-5p","0","0","0","0","0","0","0","0","0","0","0","0","0","0","0","0","0"
"mmu-miR-7017-3p","0","0","0","0","0","0","0","0","0","0","6","0","0","0","0","0","0"
"mmu-miR-7017-5p","0","0","0","0","0","0","1","0","0","0","0","0","2","0","0","0","0"
"mmu-miR-7018-3p","2","0","1","1","0","0","0","0","0","0","0","0","0","0","0","0","0"
"mmu-miR-7018-5p","0","1","0","0","0","0","0","0","0","0","2","0","0","0","0","0","0"
"mmu-miR-7019-3p","2","0","1","2","3","8","0","0","0","0","0","1","6","0","5","2","2"
"mmu-miR-7019-5p","0","0","0","0","0","0","0","0","0","0","0","0","0","0","0","0","0"
"mmu-miR-702-3p","5","1","15","101","14","67","52","3","0","0","2","4","18","38","53","32","22"
"mmu-miR-702-5p","2","0","0","0","0","0","1","0","0","0","0","0","0","0","0","0","0"
"mmu-miR-7020-3p","0","0","0","0","0","0","0","0","0","0","0","0","0","0","0","0","0"
"mmu-miR-7020-5p","0","1","1","0","0","0","0","0","0","0","0","0","0","0","0","0","0"
"mmu-miR-7021-3p","5","0","0","0","0","0","0","0","0","0","0","0","0","0","0","0","0"
"mmu-miR-7021-5p","0","3","0","5","0","2","2","3","0","0","2","1","2","0","2","2","2"
"mmu-miR-7022-3p","2","0","0","0","0","0","0","0","0","0","0","0","0","0","0","0","0"
"mmu-miR-7022-5p","0","0","1","1","0","0","0","0","0","0","0","0","0","0","0","2","0"
"mmu-miR-7023-3p","0","0","0","1","0","0","5","0","0","0","0","0","0","0","0","0","2"
"mmu-miR-7023-5p","0","0","0","0","0","0","0","0","0","0","0","0","0","0","0","0","0"
"mmu-miR-7024-3p","0","0","0","0","0","0","1","0","0","0","0","0","2","0","2","2","0"
"mmu-miR-7024-5p","0","0","0","1","0","0","0","0","0","0","0","0","0","3","2","0","0"
"mmu-miR-7025-3p","2","0","1","0","0","0","0","0","0","0","0","0","0","0","0","0","0"
"mmu-miR-7025-5p","0","1","1","0","0","0","0","0","0","0","4","0","0","0","0","0","0"
"mmu-miR-7026-3p","0","1","0","0","0","0","0","0","0","0","4","1","2","0","0","0","0"
"mmu-miR-7026-5p","0","1","0","0","0","0","0","0","0","0","0","0","0","0","0","2","0"
"mmu-miR-7027-3p","0","0","0","0","0","0","0","0","0","0","0","0","2","0","0","0","0"
"mmu-miR-7027-5p","5","1","0","1","0","0","0","0","0","0","0","0","0","3","0","0","0"
"mmu-miR-7028-3p","0","0","0","0","0","0","0","0","0","7","0","0","0","0","0","0","0"
"mmu-miR-7028-5p","0","0","0","0","2","0","0","0","0","0","0","0","0","0","0","2","0"
"mmu-miR-7029-3p","0","1","0","1","0","0","1","0","0","0","6","0","0","0","0","0","0"
"mmu-miR-7029-5p","0","0","0","0","0","0","0","0","0","0","0","0","0","0","0","0","0"
"mmu-miR-703","0","0","0","0","0","0","0","0","0","0","0","0","0","0","0","0","0"
"mmu-miR-7030-3p","0","1","1","0","0","0","0","0","0","0","0","0","0","0","0","0","0"
"mmu-miR-7030-5p","2","0","0","0","0","0","0","0","0","0","0","0","0","0","0","0","0"
"mmu-miR-7031-3p","0","0","0","0","0","0","0","0","0","0","0","0","0","0","0","0","0"
"mmu-miR-7031-5p","0","0","0","0","0","0","1","0","0","0","0","0","0","0","0","2","0"
"mmu-miR-7032-3p","0","0","0","0","2","3","1","0","0","0","0","0","0","0","0","2","0"
"mmu-miR-7032-5p","0","0","0","1","0","0","1","0","0","0","0","0","2","0","2","2","0"
"mmu-miR-7033-3p","12","1","1","1","0","0","0","0","0","0","0","0","0","0","0","0","0"
"mmu-miR-7033-5p","2","1","3","0","0","0","0","3","0","0","2","6","0","0","0","0","0"
"mmu-miR-7034-3p","0","0","0","0","0","0","0","0","0","0","0","0","0","0","0","0","0"
"mmu-miR-7034-5p","0","0","0","0","0","0","0","0","0","0","0","0","0","0","0","0","0"
"mmu-miR-7035-3p","0","0","0","0","0","0","0","0","0","0","0","0","0","0","0","0","0"
"mmu-miR-7035-5p","3","0","0","0","2","0","0","0","0","0","0","0","0","0","0","0","0"
"mmu-miR-7036a-3p","0","0","0","0","0","2","0","0","0","0","0","0","0","0","0","0","0"
"mmu-miR-7036a-5p","0","0","0","0","0","0","0","0","0","0","0","0","0","0","0","0","0"
"mmu-miR-7036b-3p","3","1","0","1","0","0","0","3","0","0","0","0","0","0","0","0","0"
"mmu-miR-7036b-5p","0","0","0","0","0","0","0","0","0","0","0","0","0","0","0","0","0"
"mmu-miR-7037-3p","0","0","1","0","0","0","1","0","0","0","0","0","0","0","2","2","0"
"mmu-miR-7037-5p","5","1","0","0","0","0","0","0","0","0","0","0","0","0","2","0","0"
"mmu-miR-7038-3p","3","3","0","0","0","2","2","3","0","7","2","0","0","3","2","2","2"
"mmu-miR-7038-5p","0","1","1","0","0","0","0","0","0","7","0","0","0","0","2","2","6"
"mmu-miR-7039-3p","3","1","1","0","0","3","0","0","0","0","0","0","2","3","5","0","2"
"mmu-miR-7039-5p","0","0","1","1","0","2","2","0","0","0","0","1","0","0","2","0","0"
"mmu-miR-704","2","1","0","0","0","0","1","0","0","0","0","0","0","0","2","2","0"
"mmu-miR-7040-3p","0","0","0","0","0","0","0","0","0","0","0","0","0","0","0","0","0"
"mmu-miR-7040-5p","2","0","0","0","0","0","0","0","0","0","2","0","0","0","0","0","0"
"mmu-miR-7041-3p","0","1","0","0","0","0","0","0","0","0","2","3","0","0","0","0","0"
"mmu-miR-7041-5p","0","0","0","0","0","0","1","0","0","0","4","9","0","0","0","3","2"
"mmu-miR-7042-3p","0","0","1","0","0","0","0","0","0","7","0","0","0","0","2","0","0"
"mmu-miR-7042-5p","3","4","4","1","0","2","3","0","0","0","0","0","0","0","2","2","0"
"mmu-miR-7043-3p","3","4","1","0","0","0","1","3","0","7","4","0","0","0","0","0","0"
"mmu-miR-7043-5p","3","1","0","0","0","0","0","0","0","0","2","6","0","0","0","0","0"
"mmu-miR-7044-3p","0","0","0","0","0","2","1","0","0","0","0","0","0","0","0","0","0"
"mmu-miR-7044-5p","12","4","1","0","0","0","0","0","0","7","2","3","0","3","0","0","0"
"mmu-miR-7045-3p","0","0","0","0","0","0","0","0","0","0","0","0","0","0","0","0","0"
"mmu-miR-7045-5p","0","0","0","0","0","0","0","0","0","0","0","0","0","0","0","0","0"
"mmu-miR-7046-3p","2","0","0","0","0","0","0","0","0","0","0","0","0","0","0","0","2"
"mmu-miR-7046-5p","2","0","0","0","0","0","0","0","0","0","0","0","0","0","0","0","0"
"mmu-miR-7047-3p","2","0","0","2","0","3","0","0","0","0","4","0","0","0","2","0","0"
"mmu-miR-7047-5p","0","1","0","0","0","0","0","0","0","0","2","0","0","0","0","0","0"
"mmu-miR-7048-3p","0","0","1","1","0","0","0","3","0","0","0","0","0","0","0","0","0"
"mmu-miR-7048-5p","3","0","1","0","0","0","0","0","0","0","0","0","0","0","0","0","0"
"mmu-miR-7049-3p","2","0","0","1","0","3","0","0","0","0","0","0","0","0","0","0","0"
"mmu-miR-7049-5p","5","0","0","0","0","0","0","0","0","7","0","0","0","0","0","0","0"
"mmu-miR-705","0","0","0","0","0","0","0","0","0","0","0","0","0","0","0","0","0"
"mmu-miR-7050-3p","0","0","0","0","0","0","0","0","0","0","0","0","0","0","0","0","0"
"mmu-miR-7050-5p","0","1","0","0","0","0","0","0","0","0","0","0","0","0","0","0","0"
"mmu-miR-7051-3p","2","0","0","0","3","0","0","0","0","0","0","0","0","0","0","0","0"
"mmu-miR-7051-5p","3","1","0","0","0","0","0","0","0","7","0","0","0","0","0","0","0"
"mmu-miR-7052-3p","2","0","0","0","0","0","0","0","0","0","0","0","0","0","0","0","0"
"mmu-miR-7052-5p","0","0","1","0","0","0","0","0","0","0","2","0","0","0","0","0","0"
"mmu-miR-7053-3p","2","4","0","0","2","0","3","0","0","0","0","0","0","0","0","0","0"
"mmu-miR-7053-5p","0","0","0","0","0","0","0","0","0","0","0","0","0","0","0","0","0"
"mmu-miR-7054-3p","0","3","3","0","0","2","2","0","0","0","0","3","2","0","0","0","0"
"mmu-miR-7054-5p","3","0","0","1","0","0","0","0","0","0","0","0","0","0","0","0","0"
"mmu-miR-7055-3p","0","0","0","0","0","0","0","0","0","0","0","0","0","0","0","0","0"
"mmu-miR-7055-5p","3","1","0","0","0","0","0","0","0","0","0","0","0","0","0","0","0"
"mmu-miR-7056-3p","0","0","0","0","0","0","1","0","0","0","0","0","0","0","0","0","0"
"mmu-miR-7056-5p","2","0","0","0","0","0","1","0","0","0","0","0","0","3","0","0","0"
"mmu-miR-7057-3p","0","0","0","0","0","0","0","0","0","0","0","0","0","0","0","0","0"
"mmu-miR-7057-5p","0","0","0","0","0","0","0","0","0","0","0","0","0","0","0","0","0"
"mmu-miR-7058-3p","3","0","1","0","0","3","0","0","0","0","2","0","2","3","0","0","2"
"mmu-miR-7058-5p","0","0","0","0","0","0","0","0","0","0","0","0","0","0","0","0","0"
"mmu-miR-7059-3p","0","0","4","4","0","3","3","0","0","0","0","0","0","3","0","0","0"
"mmu-miR-7059-5p","0","0","1","0","0","0","0","0","0","0","0","4","0","0","0","0","0"
"mmu-miR-706","230","78","35","11","9","6","6","82","0","86","91","24","2","0","5","3","6"
"mmu-miR-7060-3p","0","1","0","1","0","0","3","0","0","0","0","0","0","0","0","0","0"
"mmu-miR-7060-5p","0","0","0","0","0","0","2","0","0","0","6","0","0","0","0","0","0"
"mmu-miR-7061-3p","2","0","0","1","0","0","0","0","0","0","0","0","0","0","0","0","0"
"mmu-miR-7061-5p","2","3","1","2","0","0","2","3","0","0","2","3","4","3","0","3","0"
"mmu-miR-7062-3p","2","1","0","0","0","0","0","3","0","0","0","0","0","0","0","0","0"
"mmu-miR-7062-5p","2","0","0","0","0","0","0","0","0","0","0","0","0","0","0","0","0"
"mmu-miR-7063-3p","0","0","0","0","0","0","0","0","0","0","2","1","0","0","0","0","0"
"mmu-miR-7063-5p","5","1","1","2","0","2","1","0","0","13","2","1","0","0","2","3","2"
"mmu-miR-7064-3p","0","1","0","0","0","0","0","0","0","0","2","0","0","0","0","0","0"
"mmu-miR-7064-5p","0","0","0","0","0","0","1","0","0","0","0","0","0","0","0","2","0"
"mmu-miR-7065-3p","2","7","3","4","3","2","3","0","0","0","8","3","0","3","3","3","2"
"mmu-miR-7065-5p","0","0","0","0","2","2","1","0","0","0","0","0","0","0","0","0","0"
"mmu-miR-7066-3p","3","1","3","4","0","0","2","0","0","0","0","0","0","0","2","0","2"
"mmu-miR-7066-5p","2","1","3","5","0","3","8","0","0","0","0","0","4","0","2","0","0"
"mmu-miR-7067-3p","0","0","0","1","0","3","1","0","0","0","0","0","0","0","3","0","0"
"mmu-miR-7067-5p","0","1","0","0","2","0","0","0","0","0","0","0","0","0","0","0","0"
"mmu-miR-7068-3p","3","0","0","1","0","2","7","0","0","0","0","1","0","3","0","2","0"
"mmu-miR-7068-5p","0","5","0","1","0","0","0","0","0","0","0","0","0","0","0","2","0"
"mmu-miR-7069-3p","2","0","0","1","0","0","1","0","0","0","0","0","0","0","0","0","0"
"mmu-miR-7069-5p","0","0","0","0","0","0","0","0","0","0","2","0","0","0","0","0","0"
"mmu-miR-707","0","0","0","0","0","0","0","0","0","0","0","0","0","0","0","0","0"
"mmu-miR-7070-3p","19","7","35","44","40","43","47","0","0","0","2","6","14","24","22","12","16"
"mmu-miR-7070-5p","3","4","3","4","0","0","5","0","0","0","4","0","4","0","3","0","2"
"mmu-miR-7071-3p","0","0","0","0","0","2","0","0","0","0","0","0","0","0","0","0","0"
"mmu-miR-7071-5p","0","0","0","1","2","0","1","0","0","0","2","1","0","0","0","3","4"
"mmu-miR-7072-3p","2","0","0","0","0","0","0","0","0","0","0","0","0","0","0","0","0"
"mmu-miR-7072-5p","0","0","1","0","0","0","0","0","0","0","0","0","0","0","0","0","0"
"mmu-miR-7073-3p","2","1","0","0","0","2","0","3","0","0","2","0","0","0","0","0","0"
"mmu-miR-7073-5p","2","3","7","7","3","3","6","3","0","0","2","0","4","15","5","5","6"
"mmu-miR-7074-3p","2","1","0","0","0","0","1","0","0","0","0","0","0","0","0","0","0"
"mmu-miR-7074-5p","0","0","1","0","0","0","0","0","0","0","0","0","0","0","0","0","0"
"mmu-miR-7075-3p","3","0","4","5","0","5","7","3","0","0","2","0","2","0","2","3","6"
"mmu-miR-7075-5p","0","0","0","0","0","0","0","0","0","0","0","0","0","0","0","0","0"
"mmu-miR-7076-3p","2","0","0","0","0","0","0","0","0","0","0","0","0","0","0","0","0"
"mmu-miR-7076-5p","0","0","0","0","0","0","0","0","0","0","0","0","0","0","0","0","0"
"mmu-miR-7077-3p","0","0","3","1","0","0","1","0","0","0","4","0","0","0","0","0","0"
"mmu-miR-7077-5p","0","0","0","0","0","0","0","0","0","0","0","0","0","0","0","0","0"
"mmu-miR-7078-3p","0","0","0","0","0","0","0","0","0","0","0","0","0","0","0","0","0"
"mmu-miR-7078-5p","0","0","0","0","0","0","0","0","0","0","0","0","0","0","0","0","0"
"mmu-miR-7079-3p","0","0","1","2","0","2","0","0","0","0","2","0","0","0","0","2","0"
"mmu-miR-7079-5p","2","1","0","0","0","0","0","0","0","0","0","0","0","0","0","0","0"
"mmu-miR-708-3p","271","456","221","377","196","197","1168","302","127","424","236","311","220","192","421","261","348"
"mmu-miR-708-5p","411","552","475","627","272","334","501","95","0","119","119","449","317","163","284","203","185"
"mmu-miR-7080-3p","0","1","0","5","0","3","1","0","0","0","0","3","2","0","0","2","0"
"mmu-miR-7080-5p","2","1","4","0","0","2","6","0","0","0","0","4","0","0","0","0","0"
"mmu-miR-7081-3p","0","0","0","1","0","2","2","0","0","0","0","1","0","0","0","2","0"
"mmu-miR-7081-5p","0","0","0","0","0","0","0","0","0","0","0","0","0","0","0","0","0"
"mmu-miR-7082-3p","5","1","3","12","5","11","9","3","0","0","0","0","8","0","16","3","6"
"mmu-miR-7082-5p","0","0","0","0","0","0","0","0","0","0","2","0","0","0","0","0","0"
"mmu-miR-7083-3p","2","0","1","0","0","0","0","0","0","0","0","0","0","0","0","0","2"
"mmu-miR-7083-5p","2","0","0","1","0","0","0","0","0","0","0","0","0","0","0","0","0"
"mmu-miR-7084-3p","0","0","0","0","0","0","0","0","0","0","0","1","0","0","0","0","0"
"mmu-miR-7084-5p","0","0","0","0","0","0","0","0","0","0","2","0","0","0","0","0","0"
"mmu-miR-7085-3p","0","0","0","1","0","0","1","0","0","0","0","0","0","0","2","0","0"
"mmu-miR-7085-5p","2","1","0","0","0","0","1","0","0","0","0","0","0","3","0","0","0"
"mmu-miR-7086-3p","0","0","0","0","0","0","0","0","0","0","0","0","0","0","0","0","0"
"mmu-miR-7086-5p","2","3","0","0","0","0","0","0","0","0","0","1","0","0","2","0","0"
"mmu-miR-7087-3p","2","0","0","0","0","0","1","0","0","0","0","0","0","3","0","0","0"
"mmu-miR-7087-5p","0","0","0","0","0","0","0","0","0","0","0","0","0","0","0","0","0"
"mmu-miR-7088-3p","0","0","0","0","0","0","0","0","0","0","4","0","0","0","0","0","0"
"mmu-miR-7088-5p","0","1","0","0","0","0","0","0","0","0","0","0","0","0","0","0","0"
"mmu-miR-7089-3p","2","0","0","0","0","0","1","0","0","7","2","0","0","3","2","2","0"
"mmu-miR-7089-5p","0","0","0","0","2","0","0","0","0","7","4","1","2","3","0","0","0"
"mmu-miR-709","188","55","47","6","2","3","1","78","0","60","99","14","4","3","2","5","2"
"mmu-miR-7090-3p","0","0","0","0","0","0","0","3","0","0","0","0","0","0","0","0","0"
"mmu-miR-7090-5p","5","0","3","0","0","0","1","0","0","0","0","0","0","0","0","2","2"
"mmu-miR-7091-3p","2","0","0","0","0","0","0","0","0","0","2","0","0","0","0","0","0"
"mmu-miR-7091-5p","0","0","0","0","0","0","0","0","0","0","0","0","0","0","0","0","0"
"mmu-miR-7092-3p","0","4","4","4","2","3","3","7","0","7","4","0","2","0","2","2","4"
"mmu-miR-7092-5p","0","1","0","0","0","0","0","0","0","0","0","0","0","0","0","0","0"
"mmu-miR-7093-3p","0","1","1","0","0","0","1","0","0","0","0","0","2","0","0","2","0"
"mmu-miR-7093-5p","0","0","0","0","0","0","0","0","0","0","0","0","0","0","0","0","0"
"mmu-miR-7094-1-5p","0","0","0","0","0","0","0","0","0","0","2","0","0","0","0","0","0"
"mmu-miR-7094-3p","0","0","0","0","0","0","0","3","0","0","0","0","0","0","0","0","0"
"mmu-miR-7094b-2-5p","0","0","1","0","0","0","0","0","0","0","0","0","0","0","0","0","0"
"mmu-miR-710","0","0","0","0","0","0","0","0","0","0","0","0","0","0","0","0","0"
"mmu-miR-711","0","0","0","0","0","0","0","0","0","0","0","0","0","0","0","0","0"
"mmu-miR-7115-3p","0","0","1","0","0","0","0","0","0","0","0","0","0","0","0","0","0"
"mmu-miR-7115-5p","0","4","1","0","3","0","1","0","0","0","2","0","2","3","5","2","0"
"mmu-miR-7116-3p","2","1","0","0","0","0","0","0","0","0","4","0","0","0","0","0","0"
"mmu-miR-7116-5p","0","0","0","0","0","0","0","0","0","0","2","0","0","0","0","0","0"
"mmu-miR-7117-3p","2","0","1","6","0","2","0","0","0","0","4","1","0","0","2","0","0"
"mmu-miR-7117-5p","0","3","0","0","0","0","0","0","0","0","0","1","0","0","0","0","0"
"mmu-miR-7118-3p","0","0","0","0","0","0","0","3","0","0","0","0","0","0","0","0","0"
"mmu-miR-7118-5p","0","0","0","0","0","0","0","3","0","0","0","0","0","0","0","0","2"
"mmu-miR-7119-3p","0","3","0","0","0","0","0","0","0","7","0","0","0","0","0","0","0"
"mmu-miR-7119-5p","2","1","0","0","0","0","0","3","0","0","0","0","0","0","0","0","0"
"mmu-miR-712-3p","0","0","0","1","0","0","0","0","0","0","0","0","0","0","0","0","0"
"mmu-miR-712-5p","2","1","0","0","0","0","0","0","0","0","0","3","0","0","0","0","0"
"mmu-miR-713","2","1","0","0","0","0","0","0","0","0","2","0","0","0","0","0","0"
"mmu-miR-714","0","0","0","0","0","0","0","0","0","0","0","1","0","0","0","0","0"
"mmu-miR-717","0","0","0","0","0","0","0","0","0","0","0","0","0","0","0","0","0"
"mmu-miR-718","0","0","0","0","0","0","0","0","0","0","0","0","0","0","0","0","0"
"mmu-miR-719","0","0","0","0","0","0","0","0","0","0","0","0","0","0","0","0","0"
"mmu-miR-721","0","0","0","0","0","0","0","0","0","0","0","0","0","0","0","0","0"
"mmu-miR-7210-3p","0","0","0","0","0","0","0","0","0","0","0","0","0","0","0","0","0"
"mmu-miR-7210-5p","0","1","0","0","0","0","0","0","0","0","2","0","0","0","0","0","0"
"mmu-miR-7211-3p","0","0","0","0","0","0","0","3","0","0","0","0","0","0","0","0","0"
"mmu-miR-7211-5p","2","0","0","0","0","2","0","0","0","0","2","0","0","0","0","0","0"
"mmu-miR-7212-3p","0","0","0","0","0","0","0","0","0","0","0","0","0","0","0","0","0"
"mmu-miR-7212-5p","0","4","0","0","0","0","0","0","0","0","0","0","0","0","0","0","0"
"mmu-miR-7213-3p","0","0","0","0","0","0","0","0","0","0","0","0","0","0","0","0","0"
"mmu-miR-7213-5p","0","0","0","0","0","0","0","0","0","0","0","0","0","0","0","0","0"
"mmu-miR-7214-3p","0","0","0","0","0","0","0","0","0","0","0","0","0","0","0","0","0"
"mmu-miR-7214-5p","0","0","0","0","0","0","0","0","0","0","0","0","0","0","0","0","0"
"mmu-miR-7215-3p","5","0","1","0","0","0","0","0","0","0","0","0","0","0","0","0","0"
"mmu-miR-7215-5p","0","0","0","0","0","0","0","0","0","0","2","0","0","0","0","0","0"
"mmu-miR-7216-3p","0","0","0","0","0","0","0","0","0","0","0","0","0","0","0","0","0"
"mmu-miR-7216-5p","0","0","0","0","0","0","0","0","0","7","0","0","0","0","2","0","0"
"mmu-miR-7217-3p","0","0","0","1","0","0","0","0","0","0","0","0","0","0","0","0","0"
"mmu-miR-7217-5p","2","0","0","1","0","0","0","0","0","0","2","0","0","0","0","0","0"
"mmu-miR-7218-3p","0","0","0","0","0","0","0","0","0","0","0","0","0","0","0","0","0"
"mmu-miR-7218-5p","3","1","0","0","0","0","0","0","0","0","2","0","0","0","0","0","0"
"mmu-miR-7219-3p","0","0","0","0","0","0","0","0","0","0","0","0","0","0","0","0","0"
"mmu-miR-7219-5p","0","0","0","0","0","0","0","3","0","0","0","0","0","0","0","0","0"
"mmu-miR-7220-3p","0","3","3","0","0","0","3","0","0","0","0","0","0","0","2","0","0"
"mmu-miR-7220-5p","0","1","0","4","2","0","1","0","0","0","0","0","0","0","0","2","2"
"mmu-miR-7221-3p","2","0","0","0","0","0","0","0","0","0","0","0","0","0","0","0","0"
"mmu-miR-7221-5p","0","0","0","0","0","0","0","0","0","0","0","0","0","0","0","0","0"
"mmu-miR-7222-3p","2","1","0","0","0","0","0","0","0","0","0","0","0","0","0","0","0"
"mmu-miR-7222-5p","0","0","0","0","0","0","0","0","0","0","0","0","0","0","0","0","0"
"mmu-miR-7223-3p","0","0","0","0","0","0","0","0","0","0","0","0","0","0","0","0","0"
"mmu-miR-7223-5p","0","0","0","0","0","0","0","0","0","0","0","0","0","0","0","0","0"
"mmu-miR-7224-3p","12","12","15","12","2","11","24","10","0","7","4","10","8","6","12","8","10"
"mmu-miR-7224-5p","0","0","3","0","0","0","0","0","0","0","0","0","0","0","0","0","0"
"mmu-miR-7225-3p","2","0","0","0","0","0","0","0","0","0","0","0","0","0","0","0","0"
"mmu-miR-7225-5p","2","0","0","0","0","0","0","0","0","0","0","0","0","0","0","0","0"
"mmu-miR-7226-3p","2","0","0","1","0","5","7","3","0","0","0","1","2","3","3","0","0"
"mmu-miR-7226-5p","2","3","0","0","0","0","1","0","0","0","2","0","0","0","0","0","0"
"mmu-miR-7227-3p","0","0","0","0","0","0","0","0","0","0","0","0","0","0","0","0","0"
"mmu-miR-7227-5p","0","0","0","0","0","0","0","0","0","0","0","0","0","0","0","0","0"
"mmu-miR-7228-3p","0","0","0","0","0","0","0","0","0","0","0","0","0","0","0","0","0"
"mmu-miR-7228-5p","0","0","0","0","0","0","0","0","0","0","0","0","0","0","0","0","0"
"mmu-miR-7229-3p","0","0","0","0","0","0","0","0","0","0","0","0","0","0","0","0","0"
"mmu-miR-7229-5p","0","0","0","0","0","0","0","0","0","0","0","0","0","0","0","0","0"
"mmu-miR-7230-3p","0","0","0","0","0","0","0","0","0","0","0","0","0","0","0","0","0"
"mmu-miR-7230-5p","2","0","0","0","0","0","0","0","0","0","2","0","0","0","0","0","0"
"mmu-miR-7231-3p","0","1","0","0","0","2","0","0","0","0","0","0","0","0","0","0","0"
"mmu-miR-7231-5p","7","4","0","0","0","0","0","0","0","0","2","0","0","0","0","2","2"
"mmu-miR-7232-3p","0","0","0","0","0","0","0","0","0","0","0","0","0","0","5","0","0"
"mmu-miR-7232-5p","17","4","0","0","0","0","0","3","0","7","2","0","0","0","0","0","0"
"mmu-miR-7233-3p","0","0","0","0","0","0","0","0","0","0","0","0","0","0","0","0","0"
"mmu-miR-7233-5p","0","0","0","0","0","0","0","0","0","0","0","0","0","0","0","0","0"
"mmu-miR-7234-3p","0","0","0","0","0","0","0","0","0","0","0","0","0","0","0","0","0"
"mmu-miR-7234-5p","0","0","0","0","0","0","0","0","0","0","0","0","0","0","0","0","0"
"mmu-miR-7235-3p","2","1","0","0","0","0","2","0","0","0","0","0","0","0","0","0","0"
"mmu-miR-7235-5p","2","0","0","0","0","0","0","0","0","0","0","0","0","0","0","0","0"
"mmu-miR-7236-3p","2","0","0","1","0","0","0","0","0","0","0","0","2","0","0","2","0"
"mmu-miR-7236-5p","2","0","0","0","0","0","0","0","0","0","0","3","0","0","0","2","0"
"mmu-miR-7237-3p","0","0","0","0","0","0","0","0","0","0","0","0","0","0","0","0","0"
"mmu-miR-7237-5p","2","1","1","1","0","0","0","0","0","0","0","0","0","0","0","0","0"
"mmu-miR-7238-3p","0","0","1","0","0","0","0","0","0","0","0","0","0","0","0","0","0"
"mmu-miR-7238-5p","0","0","0","0","0","0","0","0","0","0","0","0","0","0","0","0","0"
"mmu-miR-7239-3p","0","0","0","0","0","0","0","0","0","0","0","0","0","0","0","0","0"
"mmu-miR-7239-5p","0","0","0","0","0","0","0","0","0","0","0","0","2","0","0","0","0"
"mmu-miR-7240-3p","0","0","0","0","0","0","0","0","0","0","0","1","0","0","0","0","0"
"mmu-miR-7240-5p","0","0","1","0","0","2","1","0","0","0","0","0","0","0","3","0","0"
"mmu-miR-7241-3p","0","0","0","0","0","0","0","0","0","0","0","0","0","0","0","0","0"
"mmu-miR-7241-5p","3","0","0","0","0","0","0","0","0","0","2","0","0","0","0","0","0"
"mmu-miR-7242-3p","0","0","0","0","0","0","0","0","0","0","0","0","0","0","0","0","0"
"mmu-miR-7242-5p","2","1","0","0","0","0","0","0","0","0","0","0","0","0","0","0","0"
"mmu-miR-7243-3p","0","0","0","0","0","0","0","0","0","0","0","0","0","0","0","0","0"
"mmu-miR-7243-5p","0","0","0","0","0","0","0","0","0","0","0","0","0","0","0","0","0"
"mmu-miR-741-3p","0","4","0","5","2","0","1","0","0","0","0","0","0","0","0","0","0"
"mmu-miR-741-5p","0","0","0","0","0","0","0","0","0","0","0","0","0","0","0","0","0"
"mmu-miR-742-3p","3","4","0","0","0","0","0","0","0","0","0","0","0","0","0","2","0"
"mmu-miR-742-5p","2","1","0","0","0","0","0","0","0","0","0","0","0","0","0","0","0"
"mmu-miR-743a-3p","0","1","0","0","0","2","0","0","0","0","0","0","0","0","0","0","0"
"mmu-miR-743a-5p","2","0","0","0","0","0","0","0","0","0","0","0","0","0","0","0","0"
"mmu-miR-743b-3p","0","0","0","0","0","0","0","0","0","0","0","0","0","0","0","0","0"
"mmu-miR-743b-5p","0","0","1","0","2","0","0","0","0","7","2","0","0","0","0","0","0"
"mmu-miR-744-3p","43","84","52","111","66","79","105","20","0","20","20","43","20","21","14","22","16"
"mmu-miR-744-5p","159","66","122","672","323","315","657","61","0","27","56","219","395","219","474","225","378"
"mmu-miR-7578","5","7","4","4","0","3","6","3","0","0","2","1","2","0","3","5","6"
"mmu-miR-758-3p","65","124","90","162","68","142","260","10","0","13","46","50","44","41","47","64","47"
"mmu-miR-758-5p","2","5","1","2","0","0","5","3","0","0","0","1","0","0","5","0","6"
"mmu-miR-759","0","0","1","0","0","0","0","0","0","0","0","0","0","0","0","0","0"
"mmu-miR-760-3p","36","71","65","172","64","128","201","20","0","33","24","47","71","104","109","91","69"
"mmu-miR-760-5p","39","5","46","19","2","15","21","0","0","0","2","52","6","0","6","0","2"
"mmu-miR-761","2","0","0","0","0","0","0","0","0","0","0","0","0","0","0","0","0"
"mmu-miR-762","0","1","0","0","0","0","0","0","0","0","0","0","0","0","0","0","0"
"mmu-miR-763","0","1","0","0","0","0","0","0","0","0","0","0","0","0","0","0","0"
"mmu-miR-764-3p","9","11","24","15","3","2","9","0","0","0","2","11","2","0","3","5","8"
"mmu-miR-764-5p","19","11","25","65","7","40","55","3","127","0","2","19","4","9","11","5","6"
"mmu-miR-7646-3p","0","0","0","0","0","0","0","0","0","0","0","0","0","0","0","0","0"
"mmu-miR-7646-5p","0","0","0","0","0","0","0","0","0","0","0","0","0","0","0","0","0"
"mmu-miR-7647-3p","0","0","0","0","0","0","0","0","0","0","0","0","0","0","0","0","0"
"mmu-miR-7647-5p","0","0","0","0","0","0","0","0","0","0","0","0","0","0","0","0","0"
"mmu-miR-7648-3p","0","0","0","0","0","0","0","0","0","0","0","0","0","0","0","0","0"
"mmu-miR-7648-5p","0","0","0","0","0","0","0","0","0","0","0","0","0","0","0","0","0"
"mmu-miR-7649-3p","5","0","0","0","0","0","0","0","0","0","2","0","0","0","0","0","0"
"mmu-miR-7649-5p","2","1","0","0","0","0","0","0","0","0","2","0","0","0","0","0","0"
"mmu-miR-7650-3p","0","0","0","0","0","0","0","0","0","0","0","0","0","0","0","0","0"
"mmu-miR-7650-5p","0","0","0","0","0","0","0","0","0","0","0","0","0","0","0","0","0"
"mmu-miR-7651-3p","0","0","0","0","0","0","0","0","0","0","0","0","0","3","0","0","0"
"mmu-miR-7651-5p","0","1","0","0","0","0","1","0","0","0","0","1","0","0","0","0","0"
"mmu-miR-7652-3p","2","1","0","0","0","0","0","3","0","0","0","0","0","0","0","0","0"
"mmu-miR-7652-5p","0","0","0","0","0","0","0","0","0","7","0","0","0","0","0","0","0"
"mmu-miR-7653-3p","3","0","6","1","2","3","5","0","0","0","0","1","2","0","5","0","4"
"mmu-miR-7653-5p","0","0","1","0","0","0","0","0","0","0","0","0","0","0","0","0","0"
"mmu-miR-7654-3p","0","0","0","0","0","0","0","0","0","0","0","0","0","0","0","3","0"
"mmu-miR-7654-5p","0","0","1","0","0","2","2","0","0","0","0","1","2","0","2","2","2"
"mmu-miR-7655-3p","0","0","0","0","2","0","0","0","0","0","0","0","0","0","0","0","0"
"mmu-miR-7655-5p","0","0","0","0","0","0","0","0","0","0","0","0","2","0","0","0","0"
"mmu-miR-7656-3p","2","0","0","0","0","0","0","0","0","0","0","0","0","0","0","0","0"
"mmu-miR-7656-5p","2","0","0","1","0","0","0","3","0","0","0","0","0","0","0","0","0"
"mmu-miR-7657-3p","0","0","0","0","0","0","0","0","0","0","0","0","0","0","0","0","0"
"mmu-miR-7657-5p","0","0","0","0","0","0","0","0","0","0","0","0","0","0","0","0","0"
"mmu-miR-7658-3p","0","0","0","0","0","0","0","0","0","0","0","0","0","0","0","0","0"
"mmu-miR-7658-5p","0","0","0","0","0","0","0","0","0","0","0","0","0","0","0","0","0"
"mmu-miR-7659-3p","0","0","0","0","0","0","0","0","0","0","0","0","0","0","0","0","0"
"mmu-miR-7659-5p","0","0","0","1","0","0","0","0","0","0","2","0","0","0","0","0","0"
"mmu-miR-7660-3p","0","0","1","0","0","0","0","0","0","0","0","0","0","0","0","0","0"
"mmu-miR-7660-5p","2","1","3","0","0","0","0","0","0","0","2","0","0","0","0","0","0"
"mmu-miR-7661-3p","0","0","0","0","0","0","0","0","0","0","0","1","0","0","0","0","0"
"mmu-miR-7661-5p","0","3","0","0","0","0","0","0","0","0","0","0","0","0","0","0","0"
"mmu-miR-7662-3p","3","3","0","0","0","0","0","0","0","0","0","1","0","0","0","0","0"
"mmu-miR-7662-5p","0","0","0","0","0","0","0","0","0","0","0","0","0","0","0","0","0"
"mmu-miR-7663-3p","0","0","0","0","0","0","0","0","0","0","0","3","0","0","0","0","2"
"mmu-miR-7663-5p","2","0","0","0","0","0","0","0","0","0","0","0","0","0","0","0","0"
"mmu-miR-7664-3p","0","0","0","1","0","0","0","0","0","0","0","0","0","0","0","0","0"
"mmu-miR-7664-5p","0","0","0","0","0","0","0","0","0","0","0","0","0","3","0","0","0"
"mmu-miR-7665-3p","0","0","0","0","0","0","0","3","0","0","0","0","0","0","0","0","0"
"mmu-miR-7665-5p","0","1","0","1","0","0","2","0","0","0","0","0","0","0","0","0","2"
"mmu-miR-7666-3p","2","9","10","5","5","6","3","3","0","7","4","1","0","15","17","5","18"
"mmu-miR-7666-5p","0","0","0","0","0","0","0","0","0","0","0","0","0","0","0","0","0"
"mmu-miR-7667-3p","3","3","0","0","0","0","0","3","0","0","2","0","0","0","0","0","0"
"mmu-miR-7667-5p","65","25","7","4","0","0","0","24","0","27","24","7","2","0","2","0","0"
"mmu-miR-7668-3p","0","0","0","0","0","0","0","0","0","0","0","0","0","3","0","0","0"
"mmu-miR-7668-5p","0","0","0","0","0","0","1","0","0","7","0","0","0","0","0","0","0"
"mmu-miR-7669-3p","118","76","38","6","2","5","2","41","0","20","52","3","0","0","0","0","0"
"mmu-miR-7669-5p","5","3","0","2","0","0","1","0","0","0","0","0","0","0","0","0","0"
"mmu-miR-767","0","0","0","0","0","0","0","0","0","0","0","0","0","0","0","0","0"
"mmu-miR-7670-3p","2","0","0","0","0","0","0","0","0","0","0","0","0","0","0","0","0"
"mmu-miR-7670-5p","0","0","0","0","0","0","0","0","0","0","0","0","0","0","0","0","0"
"mmu-miR-7671-3p","0","0","0","0","0","0","0","0","0","0","0","0","0","0","0","0","0"
"mmu-miR-7671-5p","0","0","1","0","0","0","0","0","0","0","0","0","0","0","0","0","0"
"mmu-miR-7672-3p","2","0","0","0","0","0","0","0","0","0","0","0","0","0","2","0","0"
"mmu-miR-7672-5p","0","0","0","0","0","0","0","0","0","0","0","0","0","0","0","0","0"
"mmu-miR-7673-3p","0","0","0","0","0","0","0","0","0","0","0","0","0","0","0","0","0"
"mmu-miR-7673-5p","0","0","0","0","0","0","0","0","0","0","0","0","0","0","0","0","0"
"mmu-miR-7674-3p","0","0","0","0","0","2","0","0","0","0","0","0","0","0","0","0","0"
"mmu-miR-7674-5p","0","3","0","0","0","0","0","3","0","7","2","0","0","0","0","0","0"
"mmu-miR-7675-3p","0","0","0","0","0","0","0","0","0","0","0","0","0","0","0","0","0"
"mmu-miR-7675-5p","0","0","3","0","0","2","1","0","0","0","0","0","0","0","0","0","0"
"mmu-miR-7676-3p","3","0","0","0","0","0","0","0","0","0","0","0","0","0","0","0","0"
"mmu-miR-7676-5p","0","0","0","0","0","0","0","0","0","0","0","0","0","0","0","0","0"
"mmu-miR-7677-3p","0","0","1","0","0","0","0","0","0","0","0","0","0","0","0","0","0"
"mmu-miR-7677-5p","0","0","0","0","0","0","0","0","0","0","2","0","0","0","0","0","0"
"mmu-miR-7678-3p","0","4","0","0","0","0","0","0","0","0","2","0","0","0","0","0","0"
"mmu-miR-7678-5p","3","0","0","1","0","0","0","0","0","0","0","0","0","0","0","0","0"
"mmu-miR-7679-3p","0","0","0","0","0","0","0","0","0","0","0","1","0","0","0","0","0"
"mmu-miR-7679-5p","2","1","0","0","0","0","0","0","0","0","2","0","0","0","0","0","0"
"mmu-miR-7680-3p","0","0","0","0","0","0","0","0","0","0","0","0","0","0","0","0","0"
"mmu-miR-7680-5p","0","0","0","0","0","0","0","0","0","0","0","0","0","0","0","0","0"
"mmu-miR-7681-3p","3","0","0","0","0","0","0","0","0","0","0","0","0","0","0","0","0"
"mmu-miR-7681-5p","0","0","0","0","0","0","0","0","0","0","0","0","0","0","0","0","0"
"mmu-miR-7682-3p","0","1","3","0","0","6","1","0","0","0","0","1","0","0","2","0","0"
"mmu-miR-7682-5p","0","0","0","0","0","0","0","0","0","0","4","0","0","0","0","0","0"
"mmu-miR-7683-3p","0","0","0","0","0","0","0","0","0","0","0","0","0","0","0","0","0"
"mmu-miR-7683-5p","0","0","0","0","0","0","0","0","0","0","0","0","0","0","0","0","0"
"mmu-miR-7684-3p","0","1","0","0","0","0","0","0","0","0","2","0","0","0","0","0","0"
"mmu-miR-7684-5p","2","0","0","0","0","0","0","0","0","0","2","0","0","0","0","0","0"
"mmu-miR-7685-3p","0","0","0","0","0","0","0","0","0","0","0","0","0","0","0","0","0"
"mmu-miR-7685-5p","0","0","0","0","0","0","0","0","0","0","0","0","0","0","0","0","0"
"mmu-miR-7686-3p","0","0","0","0","0","0","0","0","0","0","0","0","0","0","0","0","0"
"mmu-miR-7686-5p","0","0","0","0","2","0","0","0","0","0","0","0","0","0","0","0","0"
"mmu-miR-7687-3p","0","0","0","0","0","3","0","0","0","0","0","0","2","0","0","0","0"
"mmu-miR-7687-5p","0","0","0","0","0","0","0","0","0","0","0","0","0","0","0","0","0"
"mmu-miR-7688-3p","0","0","0","0","0","0","0","0","0","0","0","0","0","0","0","0","0"
"mmu-miR-7688-5p","2","0","3","2","0","2","2","0","0","0","0","0","2","0","0","2","0"
"mmu-miR-7689-3p","0","3","1","0","0","0","1","0","0","0","2","6","0","0","0","2","2"
"mmu-miR-7689-5p","0","0","0","0","0","0","0","0","0","0","0","0","0","0","0","0","0"
"mmu-miR-770-3p","106","141","265","410","225","335","409","20","127","27","30","92","101","157","178","205","81"
"mmu-miR-770-5p","51","38","78","161","64","96","175","41","0","20","34","90","30","41","70","93","55"
"mmu-miR-7a-1-3p","15","25","27","36","7","15","55","20","0","7","22","13","6","6","9","25","10"
"mmu-miR-7a-2-3p","21","41","47","75","24","44","173","3","0","7","32","14","24","47","56","39","67"
"mmu-miR-7a-5p","10433","38809","26357","31790","18105","22593","64302","5631","6219","10625","8588","20839","10327","8050","21283","12954","10996"
"mmu-miR-7b-3p","14","18","57","42","9","20","93","10","0","13","16","9","18","9","47","39","22"
"mmu-miR-7b-5p","1143","2449","1981","4214","1935","3071","5499","472","381","1001","997","1446","869","755","1491","1541","898"
"mmu-miR-802-3p","0","1","0","0","0","0","0","0","0","0","0","0","0","0","0","0","0"
"mmu-miR-802-5p","2","4","1","0","0","0","5","3","0","0","0","3","0","0","0","0","2"
"mmu-miR-804","0","0","0","0","0","0","0","0","0","0","2","0","0","0","0","0","0"
"mmu-miR-8090","0","0","0","0","0","0","0","0","0","0","0","0","0","0","0","0","0"
"mmu-miR-8091","2","0","0","0","0","0","0","0","0","0","0","0","0","0","0","0","0"
"mmu-miR-8092","0","0","0","0","0","0","0","0","0","0","0","0","0","0","0","0","0"
"mmu-miR-8093","0","0","0","1","2","0","0","3","0","0","2","0","0","0","6","2","0"
"mmu-miR-8094","0","0","0","0","0","0","0","0","0","0","0","0","0","0","0","0","0"
"mmu-miR-8095","0","0","0","0","0","0","1","0","0","0","0","0","0","0","0","0","0"
"mmu-miR-8096","0","0","0","0","0","0","0","0","0","0","0","0","0","0","0","0","0"
"mmu-miR-8097","0","1","0","0","0","0","0","0","0","0","0","0","0","0","0","0","0"
"mmu-miR-8098","0","0","0","0","2","0","0","0","0","0","0","0","0","0","0","0","0"
"mmu-miR-8099","0","0","0","0","0","0","0","0","0","0","0","0","0","0","0","0","0"
"mmu-miR-8100","0","1","0","0","0","0","0","0","0","7","0","1","0","3","0","0","0"
"mmu-miR-8101","0","0","0","0","0","0","0","0","0","0","0","0","0","0","0","0","0"
"mmu-miR-8102","0","0","0","0","0","0","0","0","0","0","0","0","0","0","0","0","0"
"mmu-miR-8103","2","0","1","0","0","0","0","0","0","0","0","1","0","0","0","0","2"
"mmu-miR-8104","0","0","0","0","0","0","0","0","0","0","0","0","0","0","0","0","0"
"mmu-miR-8105","0","0","0","0","0","0","0","0","0","0","0","0","0","0","2","0","0"
"mmu-miR-8106","0","0","0","0","2","0","0","0","0","0","0","0","0","0","0","0","0"
"mmu-miR-8107","0","1","0","0","0","0","0","0","0","0","0","0","0","0","0","0","0"
"mmu-miR-8108","0","0","0","0","0","0","0","0","0","0","0","0","0","0","0","0","0"
"mmu-miR-8109","0","0","0","0","0","0","0","0","0","0","0","0","0","0","0","0","0"
"mmu-miR-8110","0","0","0","0","0","0","0","0","0","0","0","0","0","0","0","0","0"
"mmu-miR-8111","0","0","1","1","0","0","1","0","0","0","2","1","0","0","0","0","0"
"mmu-miR-8112","0","0","0","0","0","3","1","0","0","0","0","0","0","0","0","0","2"
"mmu-miR-8113","0","0","0","0","2","0","0","0","0","13","0","0","0","0","0","0","0"
"mmu-miR-8114","7","4","9","14","3","12","14","0","0","0","2","4","8","6","28","8","4"
"mmu-miR-8115","0","0","0","0","0","0","0","0","0","0","2","0","0","0","0","0","0"
"mmu-miR-8116","0","0","0","0","0","0","0","0","0","0","0","0","0","0","0","0","0"
"mmu-miR-8117","0","0","0","1","0","0","0","0","0","0","2","1","0","0","0","0","0"
"mmu-miR-8118","0","0","0","0","0","2","0","0","0","0","0","0","0","0","0","0","0"
"mmu-miR-8119","0","0","0","0","0","0","0","3","0","0","0","0","0","0","0","0","0"
"mmu-miR-8120","0","0","0","0","0","0","0","0","0","0","0","0","0","0","0","0","0"
"mmu-miR-871-3p","2","1","0","0","0","0","0","0","0","0","0","0","0","0","0","0","2"
"mmu-miR-871-5p","0","0","0","0","0","0","0","0","0","0","0","0","0","0","0","0","0"
"mmu-miR-872-3p","79","172","71","165","87","99","272","95","0","27","91","100","44","41","83","66","63"
"mmu-miR-872-5p","146","228","131","136","82","88","118","126","0","60","125","269","36","24","48","46","35"
"mmu-miR-873a-3p","0","5","12","7","2","8","8","0","0","0","0","0","4","3","2","2","2"
"mmu-miR-873a-5p","200","310","304","345","137","148","757","105","127","325","161","175","202","121","321","257","240"
"mmu-miR-873b","0","0","1","0","0","0","0","0","0","0","0","0","0","0","0","0","0"
"mmu-miR-874-3p","3","5","9","42","16","6","19","0","0","0","0","7","12","0","11","7","14"
"mmu-miR-874-5p","0","0","7","4","3","0","3","0","0","7","0","1","4","0","2","3","0"
"mmu-miR-875-3p","0","0","0","0","0","0","0","0","0","0","0","0","0","0","0","0","0"
"mmu-miR-875-5p","0","0","0","0","0","0","0","0","0","0","0","0","0","0","0","0","0"
"mmu-miR-876-3p","0","0","1","0","0","0","0","0","0","0","0","0","0","0","0","0","0"
"mmu-miR-876-5p","3","0","0","2","0","2","1","0","0","0","0","0","4","0","0","0","0"
"mmu-miR-877-3p","2","8","7","22","7","21","15","3","0","0","12","7","4","15","31","7","12"
"mmu-miR-877-5p","45","159","251","266","114","146","525","51","0","66","46","49","61","56","176","95","126"
"mmu-miR-878-3p","3","1","1","0","0","0","0","0","0","7","4","0","0","0","0","0","0"
"mmu-miR-878-5p","0","0","0","0","0","0","0","0","0","0","0","0","0","0","0","0","0"
"mmu-miR-879-3p","9","12","4","2","3","6","9","0","0","7","0","1","0","3","5","3","6"
"mmu-miR-879-5p","27","14","7","9","3","6","9","3","0","0","0","20","6","6","5","7","2"
"mmu-miR-880-3p","0","1","1","0","0","0","0","0","0","0","0","0","0","0","0","0","0"
"mmu-miR-880-5p","0","0","0","0","0","0","0","0","0","0","0","0","0","0","0","0","0"
"mmu-miR-881-3p","2","0","0","1","0","0","0","0","0","0","0","0","0","0","0","0","0"
"mmu-miR-881-5p","0","1","0","0","0","0","0","0","0","0","0","0","0","0","0","0","0"
"mmu-miR-882","0","0","0","0","0","0","0","0","0","0","0","0","0","0","0","0","0"
"mmu-miR-883a-3p","0","0","1","0","0","0","0","0","0","0","0","0","0","0","0","0","0"
"mmu-miR-883a-5p","0","0","0","0","0","0","0","0","0","0","0","0","0","0","0","2","0"
"mmu-miR-883b-3p","2","0","0","0","0","0","0","3","0","0","0","0","0","0","0","0","0"
"mmu-miR-883b-5p","0","1","0","0","0","0","0","0","0","0","0","0","0","0","0","0","0"
"mmu-miR-9-3p","12876","15137","8952","10442","4729","4594","8402","4292","2792","4132","5590","9637","2884","2261","3045","2657","1902"
"mmu-miR-9-5p","75902","92788","37618","56211","31971","40802","62518","42044","14089","24413","58353","86583","37461","30883","48736","33602","19366"
"mmu-miR-92a-1-5p","0","0","0","1","0","0","0","0","0","0","0","3","0","0","0","0","0"
"mmu-miR-92a-2-5p","0","3","0","0","0","0","0","0","0","7","0","0","0","0","0","0","0"
"mmu-miR-92a-3p","65","180","180","112","61","130","217","65","0","13","81","245","50","38","44","36","16"
"mmu-miR-92b-3p","17","62","57","59","31","47","37","24","0","7","36","102","14","21","23","12","16"
"mmu-miR-92b-5p","5","1","4","4","0","3","8","10","0","0","6","17","6","0","9","7","4"
"mmu-miR-93-3p","22","63","47","21","12","20","42","7","0","33","14","73","20","15","31","14","18"
"mmu-miR-93-5p","1338","2976","1863","907","664","646","2759","1825","508","1307","2033","2938","817","690","1035","709","742"
"mmu-miR-935","3","17","34","107","19","55","127","7","0","7","22","7","22","6","61","76","41"
"mmu-miR-96-3p","5","9","0","16","2","6","26","0","0","0","8","1","2","0","8","3","12"
"mmu-miR-96-5p","41","28","7","27","3","20","17","7","0","0","4","1","4","3","8","7","4"
"mmu-miR-9768-3p","0","0","0","0","0","0","0","0","0","0","2","0","0","0","0","0","0"
"mmu-miR-9768-5p","2","0","0","0","0","0","0","0","0","0","0","0","0","0","0","0","0"
"mmu-miR-9769-3p","0","0","0","0","0","0","0","0","0","0","2","0","0","0","0","0","0"
"mmu-miR-9769-5p","0","0","0","0","0","0","0","0","0","0","0","0","0","0","0","0","0"
"mmu-miR-98-3p","9","14","0","21","5","18","37","10","0","0","16","9","8","9","19","17","8"
"mmu-miR-98-5p","151","237","124","390","161","189","144","54","0","27","93","257","93","71","125","98","51"
"mmu-miR-99a-3p","14","5","6","7","5","0","12","10","0","7","2","20","4","3","2","0","4"
"mmu-miR-99a-5p","512","1033","553","446","253","192","560","564","762","398","733","1151","254","210","201","223","207"
"mmu-miR-99b-3p","12","24","27","39","16","34","90","7","0","20","18","23","24","12","44","10","10"
"mmu-miR-99b-5p","317","650","999","919","449","609","1446","520","127","405","631","896","666","400","987","865","632"
"p-mmu-miR-1","0","0","0","0","0","0","0","0","0","0","0","0","0","0","0","0","0"
"p-mmu-miR-10","0","0","0","0","0","0","1","0","0","0","0","0","0","0","0","0","0"
"p-mmu-miR-11","2","0","0","0","0","0","0","0","0","0","0","0","0","0","0","0","0"
"p-mmu-miR-12","0","0","0","0","0","0","0","0","0","0","0","0","0","0","0","0","0"
"p-mmu-miR-13","0","0","1","0","0","0","0","0","0","0","0","0","0","0","0","0","0"
"p-mmu-miR-14","3","3","0","1","0","0","0","10","0","0","4","10","0","0","0","0","0"
"p-mmu-miR-15","2","0","0","0","0","0","0","0","0","0","2","0","0","0","0","0","0"
"p-mmu-miR-16","7","8","3","1","2","2","2","3","0","7","6","6","0","0","0","0","0"
"p-mmu-miR-17","0","0","0","0","0","0","1","0","0","0","0","0","0","0","0","0","0"
"p-mmu-miR-18-2__p-mmu-miR-18-1","0","0","0","0","0","0","0","0","0","0","0","0","0","0","0","2","0"
"p-mmu-miR-19","0","0","4","9","2","2","5","0","0","0","6","4","4","0","9","0","0"
"p-mmu-miR-2","3","0","0","0","0","0","0","0","0","0","2","0","0","0","0","0","0"
"p-mmu-miR-20","0","0","0","1","2","0","1","0","0","0","0","0","0","0","0","0","2"
"p-mmu-miR-21","0","0","0","0","0","0","0","0","0","0","0","0","0","0","0","0","0"
"p-mmu-miR-22","0","0","0","0","0","0","0","0","0","0","0","0","0","0","0","0","0"
"p-mmu-miR-23","0","0","0","0","0","0","0","0","0","0","0","0","0","0","0","0","0"
"p-mmu-miR-24","2","3","0","0","0","0","0","0","0","0","0","0","0","0","0","0","0"
"p-mmu-miR-25","0","0","1","0","0","0","0","0","0","0","0","0","0","0","0","0","0"
"p-mmu-miR-26","0","0","0","0","0","0","0","0","0","0","0","0","0","0","0","0","0"
"p-mmu-miR-27","0","0","0","0","0","0","0","0","0","0","0","0","0","0","0","0","0"
"p-mmu-miR-28","120","78","19","10","7","6","2","24","0","46","60","9","0","9","5","0","2"
"p-mmu-miR-29","12","7","0","1","0","0","0","0","0","0","4","1","0","0","0","0","0"
"p-mmu-miR-3","0","0","0","0","0","0","0","0","0","0","2","0","0","0","0","0","0"
"p-mmu-miR-30","2","0","0","0","0","0","0","0","0","0","0","0","0","0","0","0","0"
"p-mmu-miR-31","0","0","0","0","0","0","0","0","0","0","0","0","0","0","0","0","0"
"p-mmu-miR-32","0","0","0","0","0","0","0","0","0","0","0","1","0","0","0","0","0"
"p-mmu-miR-33","0","0","0","0","0","0","0","0","0","0","0","0","0","0","0","0","0"
"p-mmu-miR-34-2__p-mmu-miR-34-1","0","0","0","0","0","0","0","0","0","0","0","0","0","0","0","0","0"
"p-mmu-miR-35","0","0","0","0","0","0","0","0","0","0","0","0","0","0","0","0","0"
"p-mmu-miR-36","2","0","0","0","2","0","0","0","0","0","0","0","0","0","0","0","0"
"p-mmu-miR-37","2","0","0","0","0","0","0","0","0","0","0","0","0","0","0","0","0"
"p-mmu-miR-38","0","0","0","0","0","0","0","0","0","0","0","0","0","0","0","0","0"
"p-mmu-miR-39","2","0","0","0","0","0","0","0","0","0","0","0","0","0","0","0","0"
"p-mmu-miR-4","0","0","0","0","0","0","0","0","0","0","0","0","0","0","0","0","0"
"p-mmu-miR-40","0","0","0","0","0","0","0","0","0","0","0","0","0","0","0","0","0"
"p-mmu-miR-41","562","157","75","24","3","17","2","119","0","153","187","33","8","9","2","5","2"
"p-mmu-miR-42","0","0","0","0","0","0","0","0","0","0","0","0","0","0","0","0","0"
"p-mmu-miR-43","0","0","0","0","0","0","0","0","0","0","0","0","0","0","0","0","0"
"p-mmu-miR-44","29","54","66","31","36","40","36","75","508","27","77","123","40","47","44","27","20"
"p-mmu-miR-45","45","30","66","5","5","9","7","34","0","7","87","265","4","15","2","19","8"
"p-mmu-miR-46","2","0","0","0","0","0","0","0","0","0","0","0","0","0","2","0","0"
"p-mmu-miR-47","41","55","65","10","7","3","10","17","0","40","40","110","6","12","11","5","4"
"p-mmu-miR-48","2","0","0","0","0","0","0","0","0","0","0","0","0","0","0","0","0"
"p-mmu-miR-49","7","22","16","4","2","3","13","0","0","0","10","7","0","0","5","2","0"
"p-mmu-miR-5","0","0","0","0","0","0","0","0","0","0","0","0","0","0","0","0","0"
"p-mmu-miR-50","0","0","0","0","0","0","0","7","0","0","0","0","0","0","0","0","0"
"p-mmu-miR-51","7","1","0","0","0","0","3","7","0","0","2","0","0","0","0","2","0"
"p-mmu-miR-52","0","0","0","0","0","0","0","0","0","0","0","0","0","0","0","0","0"
"p-mmu-miR-53","27","117","99","4","3","3","2","10","0","40","26","65","0","9","3","0","0"
"p-mmu-miR-54","5","8","9","0","2","3","0","17","0","0","12","6","0","0","2","2","0"
"p-mmu-miR-55","715","150","105","47","12","23","5","214","0","265","343","49","8","21","5","5","16"
"p-mmu-miR-56","0","0","0","0","0","0","0","0","0","0","2","0","0","0","2","0","0"
"p-mmu-miR-57","0","0","0","0","0","0","0","0","0","0","0","0","0","0","0","0","0"
"p-mmu-miR-58","1119","3220","4007","1963","1445","3526","6884","153","127","99","163","1554","190","290","479","354","348"
"p-mmu-miR-59","14","11","13","11","7","9","42","7","0","0","2","9","10","0","6","2","6"
"p-mmu-miR-6","3","0","0","0","2","0","0","0","0","0","0","0","0","0","0","0","0"
"p-mmu-miR-60","0","0","0","2","0","2","0","0","0","0","0","0","0","0","0","2","0"
"p-mmu-miR-61","0","0","0","0","0","0","0","0","0","0","0","0","0","0","0","0","0"
"p-mmu-miR-62","0","0","0","0","0","0","0","0","0","0","0","0","0","0","0","0","0"
"p-mmu-miR-63","0","0","0","0","0","0","0","0","0","0","0","0","0","0","0","0","0"
"p-mmu-miR-64","2","0","0","1","0","0","0","0","0","0","0","0","0","0","2","0","0"
"p-mmu-miR-65","0","3","3","0","0","0","1","0","0","0","0","0","0","0","0","0","0"
"p-mmu-miR-66","0","0","0","0","0","0","0","0","0","0","0","0","0","0","0","0","0"
"p-mmu-miR-67","0","0","0","0","0","0","0","0","0","0","0","0","0","0","0","0","0"
"p-mmu-miR-68","0","0","0","0","0","0","0","0","0","0","0","0","0","0","0","0","0"
"p-mmu-miR-69","0","0","0","0","0","0","0","0","0","0","0","0","0","0","0","0","0"
"p-mmu-miR-7","2","0","0","0","0","0","0","0","0","0","0","1","0","0","0","0","0"
"p-mmu-miR-70","0","0","0","0","0","2","0","0","0","0","0","1","0","3","0","0","0"
"p-mmu-miR-8","0","0","0","0","0","0","0","0","0","0","0","0","0","0","0","0","0"
"p-mmu-miR-9","0","0","0","0","0","0","0","0","0","0","0","0","0","0","0","0","0"
